"label","text"
"0.0","美的已经跌得我开始怀疑人生了怎么会这样啊！方总"
"1.0","重大利好：央行放大招！15天三度“降息” 明天还有大动作！三箭齐发释放什么信"
"1.0","保宝主力抢了很多血筹做一次饿狼。领头的饿狼，我以满仓赌"
"0.0","买这股相当于搬了一座大山压在头上"
"0.0","辣鸡就是辣鸡 格力两天上涨4% 茅台两天上涨8.2% 你个垃圾两天1% 玛丽隔壁"
"1.0","长春高新中国最具投资价值的医药股之一。"
"0.0","这垃圾一个多月跌了百分之二十五！地产板块中的绿头龟排名第一！！！！"
"0.0","这人明显是托。此位叫你去买。明显骗你接盘"
"0.0","明个儿保利，带头砸，直到收长下影"
"0.0","机构从格力赚了钱，打压美的，来美的建仓吗？大家到时要及时上车"
"1.0","A股跨年度行情，从12月4日左右启动！"
"0.0","高开不是好事！"
"1.0","逆市上涨，牛掰"
"1.0","长春高新到收盘，还是翻红!有您的!赞!"
"1.0","下午直线涨停吗"
"0.0","不好！"
"0.0","回调14以下"
"1.0","别装逼了，我认为跌不下来，形势不同了"
"0.0","告诉你们韭菜 不是唱空 股市就是这样 不怕低位放利空 就怕高位放利好 何况预期的利好 众人皆知 先知埋伏 利好兑现 高位出货 见光死 韭菜接盘"
"0.0","13的本，本想今天回本就走，结果走成这烂样"
"0.0","垃圾天生的贱骨头！喜欢戴绿帽子！"
"0.0","恶心，涨时是大盘股，跌时比小盘都来的快狠猛，垃圾！"
"1.0","加仓加包，满仓干"
"1.0","美的盈利了200亿，能给我们分多少红？"
"0.0","看到保利。心都凉了，一个星期，4天跑不过大盘。一个星期远输大盘"
"1.0","69又下单了，下来让我再吸下货呗"
"0.0","砸盘的急着去投胎"
"1.0","价值投资"
"1.0","漫长的横盘整理已经结束下方支撑有力坚如磐石上涨空间巨大任君飞翔5.98是这波上涨的起涨点必将重演火热行情"
"0.0","格力雄起有劲，美的萎缩无力。感概啊！"
"0.0","下午暴跌，土地增值税来了，房地产受死吧"
"0.0","美的，让你在牛市中亏钱，哈哈"
"0.0","这货下跌总冲在前面"
"1.0","美好的一天开始了 相信梦想 相信600048有奇迹"
"0.0","还好忍住了没有接 美的今天走势走的像狗屎 最后十分钟大盘上涨几个点 美的只回落不跟涨 今晚美股一调整 明天还得跌 太弱了 最近连儿子小天鹅走势都不如"
"0.0","敬请各位观看，蓝筹股走向不归路"
"0.0","悲哀"
"0.0","今天卖出四只医疗基金，他马的被坑了。"
"0.0","都不知道你是不是蓝筹"
"0.0","目标价50元"
"0.0","强弩之末"
"0.0","凭啥这么坑！？连跌10天了吧有"
"0.0","跌也不加，路长，走着瞧"
"0.0","看到股吧的帖子都在看空我就放心了"
"0.0","连收几根避雷针，是不是大伙们准备走避雷了？？？"
"0.0","高新还得跌"
"0.0","股价一跌就传言，其实就是主力跑了，跟金磊没关系。"
"1.0","国家发改委副主任宁吉喆表示，今年将制定出台促进汽车、家电等热点产品消费的措施。"
"0.0","赖狗扶不上墙！"
"0.0","一分时线一浪比一浪小我建议大家赶紧撤"
"1.0","割啥肉，大盘不好加上利空才如此跌，多拿几天看看，13.68半仓就是不割"
"0.0","一天涨不够2分钟跌，还真是长脸呀"
"0.0","考太嘿"
"1.0","地产行情启动，不是闹着玩的"
"1.0","恭喜昨天买入的，今天如果板块走好起码有3个点利润"
"0.0","大家要小心"
"0.0","看来我的475是解不了了"
"0.0","回购对庄家是个好消息，他正愁没人接盘呢。"
"0.0","大公司跑不赢小公司了"
"0.0","这二天的目的在最后一分钟暴露无遗了！即便是中期良好的业绩，但在这种大环境下，回避是最好的选择！"
"1.0","19年会有个大牛市，没上车，没上车吧"
"0.0","熊市路慢慢"
"0.0","垃圾美的 拖累了整个家电行业"
"1.0","55元！4月20日年报前后站上55元是非常大概率的"
"1.0","科技是虚的！炒高了暴跌！唯有业绩是实的！业绩才是王者！"
"0.0","走了，狗庄你涨吧"
"0.0","200元有投资价值。"
"0.0","现在的美的不再美，并购小天鹅的威力太大了，把美的股价砸成垃圾了"
"1.0","流感疫苗市场规模有望超百亿。"
"1.0","假做空"
"0.0","跌到42左右可以考虑入手"
"1.0","无法追求最低点，干了！"
"1.0","今天有可能上50！"
"0.0","有一股很明显的力量在刻意向自己砸，不知道目的是什么？"
"1.0","快速买入，马上大涨"
"1.0","11点24分！14.2抢15000股，留到下周一卖"
"0.0","做个股东吧"
"0.0","错过行情，这货盘子大已是老牛，出光。"
"1.0","11.9补仓"
"0.0","一直高开低走，象虚拟创业板"
"0.0","马上又要戴绿帽子啦？"
"1.0","大笔买入"
"0.0","烂保利！做这个山，从来都是亏损！高买高亏，低买低亏！真不知这个烂庄是怎么考虑的！"
"0.0","阳萎的保利"
"1.0","抢不到格力抢美的"
"0.0","溜了溜了"
"1.0","我上月丢了你好后悔，"
"0.0","玩蛇皮呢？"
"1.0","抢进"
"1.0","日K线能赚，你们跑，我就在加仓，今天不赚明天赚，明天不赚后天赚"
"0.0","今天砸跌停"
"0.0","还不跑"
"1.0","美的今天表现爽"
"0.0","今天可真熊 领跌地产板块"
"1.0","挂单变稀疏，说明大量筹码已经被锁仓，上涨空间已经打开"
"1.0","明天就知道养老金是怎么拉升的了"
"1.0","险资要进来扫货了，大伙赶紧抢筹啊！"
"1.0","花40亿回购，真牛!"
"0.0","地产板块总共有几个跌的！保绿赫然在列！牛逼央企！！！！！！！！"
"1.0","周一涨停"
"0.0","上涨无力"
"0.0","今天出货真是坚决啊，看明天什么情况吧"
"0.0","冲高回落，继续向下调整"
"1.0","抄底机会来了，"
"0.0","下午要跌停的节奏。"
"0.0","今天破47无悬念"
"0.0","不知道明天给不给机会跑路，哎，利好出尽。没有动力可走了"
"1.0","收红了！明天冲高抛一部分"
"0.0","跌停的节奏吗"
"0.0","连医药指数都跑不过，是多么LOW"
"1.0","满仓，长春高新是下一个茅台，大家稳住"
"0.0","节日期间外欧美股市大跌，节后保利地产难免受影响遇低买入。"
"0.0","走势没有一天好过"
"0.0","狗庄一直出货中"
"1.0","我静静的看着你一点一点向前努力，行稳致远，慢慢来，不着急。"
"1.0","哈哈，这价位真的按我的剧本走了？那我不客气了，我先进了哈"
"0.0","尴尬"
"1.0","居两市之首！"
"0.0","昨天说要涨的打脸吗？珍惜现在逃跑的机会"
"0.0","特么的，地产要玩完了？"
"0.0","远离这个癌股！庄家已经癌变了！！！！"
"1.0","这妞今天要涨停吗"
"0.0","上海队推荐房地产，看来要到8元！关注证券股票！股市要好，证券先涨！散户朋友们"
"1.0","医疗回调差不多了，准备上车"
"0.0","内资跑完，外资跑，各位慢慢拿筹码"
"0.0","最后的盛宴。 我出得差不多了 还有3成仓"
"0.0","保绿地产，绿的灿烂昨天红盘出掉，果然是正确的操作"
"0.0","看样子要到45左右"
"1.0","砸空保利明天抢入"
"1.0","医药龙头别装了，白酒，科技能比的上你？"
"1.0","可以和走了的朋友说‘再见’了。。。。。。。。呵呵"
"0.0","严重高估 纯属恶炒 暴跌开始 20见"
"1.0","地产股午后继续走高，截至发稿，保利地产大涨逾7%，金地集团、金科股份、阳光城涨超5%，蓝光发展、上实发展涨超4%，万科A、招商蛇口、华夏幸福等涨超3%。"
"1.0","这辈子难得的机遇就是 融券做空 美的格力 长线定是爆赚 我已建仓"
"0.0","上影线太长，未来不乐观"
"0.0","早盘冲高 套人没商量啊"
"0.0","美的是最坑的，不要拉格力后腿"
"0.0","你这个大垃圾！"
"0.0","研报一出垃圾准跌！"
"1.0","这个月起码得摸月线上轨15.5"
"1.0","此股还能翻一倍"
"1.0","跑赢万科"
"0.0","故意压盘跟跌不跟涨。"
"1.0","突破年线48.7后将回踩震荡几周，然后一骑绝尘突破百元大关！"
"0.0","还装，出货状态必跌"
"1.0","保利地产摸底一般是10个工作日，差不多了"
"0.0","地产板块涨了一个多点是一个多点啊！你保利的机构到底有什么理由可以这样逆势砸盘，垃圾地产股都涨停了，你一定要卖，有病吗？到底是谁"
"1.0","今早有没有被洗出去的？"
"0.0","今日应该触底"
"1.0","真杭跌，买进抄底了。"
"0.0","垃圾向来板块跌幅排前面！垃圾货"
"0.0","自从大跌一次，没事就狂泻，狂泻"
"0.0","只要震荡，肯定持续向下"
"0.0","美跌外资买到暴还是跌！"
"0.0","僵尸股：没量，没人气，没庄"
"0.0","要跳楼了"
"0.0","快跑快跑"
"1.0","超出预期了，明天反包大阳。"
"1.0","港股内房大A收盘大漲。保宝明天有戏唱"
"0.0","开盘以为是王者，没想到是个青铜！"
"0.0","央视315曝光家电维修黑幕。板块效应:覆巢之下，岂有完卵，炒股最起码的知识。下周一家电板块跌停。怎么办？你懂得"
"0.0","终于清仓了，你跌吧，等着接回来。。。"
"0.0","这垃圾永远是万科的跟班！！提鞋的货色！！！"
"0.0","什么情况，跳水这么凶残"
"0.0","死定了！"
"0.0","真是绿毛龟"
"1.0","明天冲击涨停板，快买啊，不怕死的，冲啊"
"0.0","什么破玩意，过年到现在基本没涨，期间指数暴涨那么多，垃圾股"
"0.0","长票over了，是给做梦的人持有的，双十一明白吗？"
"0.0","这样的保利真可恨！！"
"1.0","感觉明天涨停不涨停切吊"
"0.0","万科都涨一个点了！再看看你！保绿"
"0.0","外资都满了，谁还会来抬轿呢？郁闷了，是不是该卖了？"
"0.0","舒服！今天14.39全部清仓了，之前13.88卖的13.40重新买回来了，短线玩得还算溜，祝留下的发财，我还会回来的"
"1.0","稳住，我们能赢"
"0.0","马上跌成狗屎了"
"0.0","十字星收盘，明天拉高要出货了"
"1.0","谈消费吃多少玩多少?房地产产业链才是最大的消费。"
"1.0","港股生物制药尾盘拉升7%，希望a股也争点气。"
"0.0","继续等，我就不信你不砸下来。收盘13.3，明天低开13.1，砸一波13元正好吸货"
"0.0","明天跌停价417.36元，不保证能卖的出去"
"0.0","后悔。周一14.88买入，昨天就后悔了，今天是悔上加悔。"
"0.0","死绝美的股票"
"1.0","要上车的快"
"0.0","已经到了看见保利就想吐的状态，改天到12块5直接割肉终生不放自选"
"0.0","我坐等你跌下来"
"0.0","小散们在接盘"
"0.0","长春高新的走势就是利用季报出逃，看看恒瑞医药，季报出来的走势多健康喜人！长高持有者赶紧卖吧"
"0.0","注意年尾面子工程，节后大跌，翻脸不认人"
"1.0","洗盘而已，尾盘就拉起来！慌啥"
"0.0","又得掉下来"
"0.0","外资昨天净流出1.12亿"
"0.0","要暴跌了 地产股 大家快跑吧"
"1.0","往天上去了"
"1.0","热烈欢迎万手哥进场抢筹，大家坐稳扶好，不要提前下车"
"0.0","垃圾股，开始完蛋了"
"1.0","空中加油，仙人指路 突突突"
"0.0","远离地产股，年后国家加紧松邦，调空是长期的！"
"1.0","刚卖就飞翔，就那么差我一个"
"1.0","超级大蓝筹，外资买到爆"
"0.0","美的外资已达27%，即将限购，外资只出不进，大跌降至。"
"1.0","450低吸建仓"
"1.0","地产股要爆发了"
"1.0","美的不跌了下午企稳52元"
"0.0","14.62冲不过去了"
"0.0","这个辣鸡业绩那么好，最近却跌出翔了。"
"0.0","山顶的风真是吹死人啊"
"1.0","感觉保利有人在买"
"0.0","仅有几只戴绿帽子的垃圾股就有你！！！！"
"1.0","明天最少4个点，大家准备周末吃肉"
"0.0","大盘都涨成啥样了，你这垃圾"
"0.0","万手拖单吸引跟风。隔天低开低走收割"
"0.0","你自己看看格力，你好意思吗"
"0.0","拉高骗钱？？你真的可以去死了"
"0.0","散户不走，长春不涨，你们赶紧跑，我来接盘"
"0.0","垃圾东西，格力停牌，吓的不敢涨！"
"1.0","新能源爆发了，连航天通信都涨超过百分之六了，新的行情开始了，现在还没反应过来的注定要错过吸便宜筹码的机会"
"1.0","今年的长春高新相当于17年的茅台，至于能走到什么高度，现在谁也无法预测。走长线的，就要选这样的。"
"0.0","保利地产的蛀虫们在减持套利！！！！"
"0.0","明天要跌了"
"0.0","再次证明，美的吃了有毒的天鹅！"
"0.0","这股不知道在搞什么鬼 卖了再说"
"0.0","昨天买进的今天被杀的片甲不留"
"0.0","拉高出货 阶段顶部"
"0.0","最垃圾的央企！"
"1.0","美的今天这是咋了，从周五开始卖你就这样，但是心里还是高兴回本了"
"0.0","绿帽子马上戴上！"
"1.0","今天亏了但不割肉，明天开始继续补仓，试问那些割肉准备去哪，去区块链买套吗"
"0.0","这只票可以肯定的说一两年内比爆雷，从他懂事长的作风就能知道"
"0.0","美的将破40"
"1.0","毛估算了下保利今年利润在270亿左右，对应现在1600亿市值只有6倍的PE，且今明两年会是利润结算的大年，这么便宜的股票上哪儿去找？"
"0.0","破位，清仓完毕"
"0.0","厉害了 深港通通道大美弟今天净流出7.42亿 成交排第三 厉害哦"
"0.0","拉不起来的"
"0.0","下午收盘要跌几点？"
"0.0","大部分时候涨不过小天鹅，能跌过"
"0.0","国产家电品牌，海尔的冰箱、小天鹅的洗衣机、TCL的电视、老板的油烟机、华帝的燃具，美的不把小天鹅合过来，电器细分龙头根本就没有它。"
"0.0","低于预期，目标360"
"0.0","拉一下又阳痿了，果断卖出，认倒霉了，这一波拿着狗屎保利还没跑赢指数"
"1.0","今天差一万块钱，本来还想补一一手，高新回调就是加仓机会"
"1.0","重大利好，鼻喷疫苗大部分出口。"
"0.0","好垃圾啊"
"0.0","17块价格差不多，19年必到17块"
"0.0","垃圾又跳水了！"
"1.0","明天开始赌保宝加仓T O操作。"
"0.0","今天所有白马蓝筹确实遭遇了尾盘砸盘套利"
"1.0","星期一暴涨了，重磅！国管公积金实行二套房“认房又认贷” 最多贷60万"
"0.0","去年同一天买的美的集团和中国平安，现在美的还是亏的，平安赚十几个点了"
"0.0","美的必成妖股"
"1.0","长春高新就是长春高新，目前从上市至今比茅台回报率还高，不存在什么药中茅台之说。"
"1.0","谁在割肉卖啊"
"0.0","开盘即高点 近两个点的涨幅 瞬间消失 就问你垃圾不垃圾"
"0.0","真的很垃圾"
"1.0","今年已经创36次新高的000661不会停滞不前！"
"1.0","赶紧买啊，要涨了"
"0.0","明天砸盘，眼瞎着买"
"0.0","心态崩了"
"0.0","还有人捧保绿的臭脚呢！"
"1.0","下周分批入美的！最好快点能跌到42至43元，能吗？干满仓！"
"0.0","买为套庄"
"0.0","还硬撑,同志们赶紧逢高派发,落袋为安,过个安心的中秋"
"0.0","垃圾货色"
"0.0","保利我12.87卖的 ， 拿不住了 。"
"0.0","491元清仓等300元回来"
"1.0","大盘月线指标趋势向上，将连续涨三个月，理论目标涨幅10％左右"
"1.0","保宝主力最牛逼，每天在对倒抢筹，饿狼本性。今日洗盘很成功，星期一破16元"
"0.0","明天开盘，北向资金疯狂出逃"
"0.0","现在就希望格力涨，格力不涨你就不会涨"
"1.0","下午拉涨停板！欢迎各大资金捧场！"
"1.0","这一次冲在高新前面"
"0.0","衡阳市撤回限价政策，美股期货今晚暴跌，保利是50指数里面唯一还没有大幅补跌的了，目前看已经岌岌可危，明天50大幅低开，保利估计要破位大跌了"
"1.0","大盘往下调一调吧，高新要发力了"
"1.0","周末利好信息多多，欧美股市全面反弹，中国股市有望稳步攀升"
"0.0","明天关灯吃面！"
"0.0","对的，保利该卖就抓紧卖吧，别的股以后能涨回来，地产股回不来了。"
"0.0","本来明天有戏，没想到来个区块链，明天上证50除了有区块链擦边概念的银行股都堪忧"
"0.0","两天跌出去一个板"
"1.0","还是小幅上涨"
"0.0","业绩增长正负30%以下的是不需要提前出公告说明的！美的集团动机不良！[弱][弱][弱][弱][弱]"
"0.0","彻底走了，再见垃圾"
"1.0","拉回买，目标50"
"0.0","走的太弱了！连板块涨幅都追不上！！！"
"0.0","美跌涨一天跌一周！"
"1.0","降息利好房地产，来，来，来都买房子，保值，升值中…………保利 保利走向胜利个"
"0.0","依然被格力压制，太憋屈了"
"0.0","我在吉比特，欧派吃着肉，你们却我高新吃着面"
"1.0","市场暴雷越多，越能看到美的这种优质白马的魅力，也越能显现核心资产的珍贵！"
"0.0","地产板块和上证50指数上涨这垃圾砸盘下跌！！"
"0.0","走的有点鸡肋了，这个回购感觉不是时候啊"
"0.0","全是大单往下砸！惹不起躲得起，走了！祝愿留下的朋友好运！"
"1.0","继续买人，一股也不卖"
"1.0","哎，胆小了，491卖了，不敢持有了！！！！20手走人了，再见！！！！！涨的我怀疑人生了"
"1.0","明天大涨两个点！"
"0.0","房地产股票就是毒品无人敢沾。"
"0.0","这股啥利好也没用，起不来了。成了打压房价预期的工具"
"0.0","直奔350"
"0.0","极垃圾保利"
"1.0","本公子出面说话，明天大盘必红，保利会一度冲击12.5，说到做到。"
"0.0","今天任务完成，又要下来了"
"1.0","感觉加仓加少了哇"
"0.0","房地产板块连跌五个月，这货补跌一定的"
"1.0","满仓，今天是给26号扩容砸出黄金坑"
"0.0","房地产涨疯了，保利是房地产股吗"
"1.0","站上52..加油＾０＾~"
"0.0","美的电器可以砸了"
"0.0","可惜垃圾保利地产没跌停！"
"0.0","留点钱去买点垃圾股，现在流行垃圾股大涨，蓝筹股留着长线分红吧。"
"0.0","地产股下周大跌横盘筑底，保利破11可逐步加仓，10.65可满仓干，不过该股上涨历来缓慢，可安心持股等待，年前可上涨至16元撤离，该股属合理价值投资性大盘股。"
"0.0","他奶奶跌真快"
"0.0","严重高估 至少跌到50元！"
"0.0","一看你垃圾也只有跌跌不休的料"
"0.0","486.7元将是长春高新的宇宙大顶，啥时候都是卖出的机会长春高新已经透支未来百年业绩，随时崩盘，不信可以问卧底小蜗牛"
"0.0","本届董事会成员担心换届被查，根本无心顾及公司股价！"
"0.0","出光光"
"0.0","又在套人"
"1.0","好股啊！跌的少涨得多"
"0.0","请看清楚，总股数增加了"
"1.0","保利核心竞争力体现为军工业的超级品牌 内在价值理应不止几十元，而早该超越茅台等酒类，800元/股"
"1.0","全仓搞进"
"1.0","才跌这么点搞个屁呀！多跌点，我好进！"
"1.0","今天早盘又入20手，各位加油了！！加仓！"
"0.0","时间不多了！速逃！"
"1.0","今年预计增长50%-80%"
"0.0","唉，跌的连成本线都看不到了"
"0.0","尾盘多方没有敢碰60日线422元。多头溃不成军，狼狈而逃。"
"1.0","美丽的美的，我来了"
"1.0","满仓了"
"0.0","这垃圾还是房地产股么？！！！"
"0.0","这垃圾砸盘总跑在他主子万科前面！涨时就是个跟班的！"
"0.0","垃圾玩意！除了会戴个绿帽子不会别的！！！"
"0.0","长春高新下午必须要跌停。股价太高了，必须跌停跌停跌停跌停啊。"
"1.0","美的股价目前处于上升期，不适合做T,做踢只能吃吃苍蝇肉。38.2时我进入美的，t了六七次，才挣了几个点。"
"1.0","今天站稳就行，13.7才是压力位，问题你13.2上方压那么多单干球啊"
"1.0","明天要涨了"
"1.0","抄底速度"
"1.0","我又可以补仓了 先补800股"
"0.0","你这样下去，是要做格力的小弟么？股价已被人甩了，市值也差不多了！"
"1.0","美的美的，美美收益"
"1.0","护盘开始"
"1.0","美的带领格力，明天一路狂飙"
"0.0","为什么啊？保利多好的基本面啊，我割了绿地来的这，之前在绿地老觉得保利涨的快，怎么我一来就不行了"
"1.0","只要不搞增发，估价一路会走高，茅台高新……也会和每股一样"
"0.0","55的回购价在呢，回购结束前美的股价涨不上去的，美的做事向来这样，小家子气"
"1.0","今天上午拉涨停板。"
"0.0","我清仓了，不清的话赚变亏。"
"0.0","东北无好股"
"1.0","今天14.2 我又杀进来了"
"1.0","卖早了"
"0.0","一路走好。呵呵"
"0.0","压的真狠"
"0.0","是不是打算跌停了"
"0.0","小散越买越，不买不跌。"
"1.0","会涨停"
"0.0","为了回购，压得真够死的，美的没戏"
"0.0","美的电器，价格偏高，合理价格在40元左右"
"1.0","今天盘面看保利牛，大资金定增拿了三年不到16元不会走的，这是本人的看法，有本事的做T就可以了，19年上证50股是领头的饿狼一个字赌。"
"1.0","家电下乡计划即将实施，包括空调、洗衣机等等"
"1.0","大部分股价越高的股票，涨的越好，敢买不，不敢买就赚不了大钱"
"0.0","真他妈垃圾"
"0.0","收割散户"
"0.0","涨你涨不动，跌比谁都快 辣鸡"
"1.0","前几天我说的星期五最佳买入机会，哈哈你买了吗？。个人观点仅供参考"
"0.0","无耻混蛋"
"1.0","明天13元8角收5千股"
"0.0","破位"
"0.0","阴跌后进入猛烈下跌的前奏！"
"0.0","周一估计又是低开低走"
"0.0","大家都散了吧 只要我持有的票都会跌"
"0.0","垃圾！"
"0.0","哇。你和茅台前两位啊，跌幅"
"0.0","绿毛龟"
"0.0","你为什么趴下去了就起不来了，残疾吗"
"1.0","39.11的本，早上39.18卖了，又是倒在黎明前，"
"0.0","永远是跌最多涨最少的烂股"
"1.0","看来等150，是比较困难了，那就满仓，到200元，不是小菜一碟吗？"
"1.0","就不相信你不涨。"
"0.0","马上跌停"
"1.0","14.85进场了，别全仓，终于出现单天跌3个点以上了"
"1.0","可惜今天抛了，便宜了老外"
"0.0","上央视315了，少不了一波急跌。"
"1.0","重组成功，高新成长再次出发。"
"1.0","你有拉板的迹象"
"0.0","卖了，垃圾垃圾垃圾。买宁德时代了"
"0.0","生不逢时，以为是2007年的保利！"
"0.0","马上再套你们，绝对的，半个月后，你们就知道了"
"0.0","你得瘟疫了吗？死极"
"1.0","没法买了，分红只能用来还融资了，唉……"
"0.0","逐级下跌！下午翻绿！"
"0.0","长期看好趋势不变，但是本周看空，今年年报会很出色，周五是进场时机，大家拭目以待"
"1.0","打死也不会卖"
"0.0","太狠了"
"0.0","走势像妖！"
"1.0","军工保利太牛逼了，最坚挺的一只股票。"
"0.0","tnnd不计成本的跑。"
"0.0","大盘一涨，保利就回调。就是个护盘的主力啊"
"1.0","边跌边补仓"
"0.0","跌吧，跌到小天鹅分红，换股，美的分红，我就可以加仓了"
"0.0","下面1.6万手托单真要出手了，立马能升6个点，这就说明这货肯定有问题"
"1.0","火箭马上来，赶紧买"
"0.0","我亲戚打了这个针，分为水剂、粉剂，还有长效、短效之分现在一般是打短效水剂为主价格贵，一般家庭用不起所以，这公司有天花板"
"0.0","出完货了"
"1.0","格力停牌了，美的得到了重大利好吗"
"0.0","没救了，快跑"
"1.0","布局新疫苗，还得突破"
"0.0","盘子太大，100亿资金要逃"
"1.0","我们今天一致看涨，创新高。"
"0.0","这股就是这样，涨一天跌几天，大盘下来他跑最快"
"0.0","同一天，美的47.2买的，伊利27.3买的。美的真衰!"
"0.0","震荡下行中"
"0.0","保利套了太久 反正这次我平仓了永远不再放自选，套太久了这么垃圾的股难得解套"
"1.0","好兆头！"
"1.0","上涨趋势不变，14元附近就是加仓点"
"0.0","这叼毛"
"0.0","长春高新，周线级别顶背离死叉向下 调整之路还很漫长"
"0.0","美的两次停牌，不涨反跌，把格力要拖累了"
"0.0","调的太深，行情就走坏了"
"1.0","香港内房股大涨，保利地产只会迟到，不会缺席，明天大涨，将站稳15元上方，大家信吗？"
"1.0","458元可以进仓了。回调可以买入。下周一470可卖"
"0.0","大族已限购，暴跌，美的也不远了。"
"0.0","牛屎没涨，调整跟着跌吗？"
"1.0","这是借大盘下跌骗筹码，你可小心别上当捂紧了。"
"0.0","明天跌停价386.08元，不保证能卖的出去"
"1.0","长期看好"
"0.0","牛市四天，你跌四天"
"1.0","恭喜留下的各位，数板开始"
"1.0","生长激素抗衰老一针难求，全球人们都需要。长春高新超过茅台只是时间问题，不信就拭目以待。"
"1.0","后悔38.2卖早了"
"0.0","千万不要买入，做好国庆节后准备，拿现金钱准备过冬，要有先见之明"
"1.0","温柔抄底"
"0.0","看来保利都是凶多吉少了！"
"0.0","到底是谁！？傻逼一样天天砸盘"
"0.0","大势已去，抛了"
"1.0","美的能上60，立贴为证。"
"0.0","美的吞了天鹅，估计有毒，否则不会股价不涨。"
"1.0","翻个红，长个脸，彰显主力还在！知道你要拉了"
"0.0","别装了，马上下来了"
"0.0","这货出得也太明显了吧，，肆无忌惮得出。。愿者上钩"
"0.0","好垃圾的保利地产"
"0.0","已进入下跌通道，建议卖出"
"1.0","满仓了明天继续创新高"
"1.0","庄压不了多少，后面涨停两个板"
"1.0","别看垃圾股闹得欢，后面一定拉清单，唯有价值永恒"
"0.0","尼玛不要脸"
"0.0","大盘一好这狗庄准砸盘"
"1.0","明天开始发功，500收盘"
"0.0","明天开盘跑"
"0.0","欲哭无泪啊"
"0.0","阳痿你也别想逃跑"
"1.0","前程似锦"
"1.0","保利地产周一预计有10个点涨幅，抓住机会。"
"1.0","亲爱的美的竟然涨停了，没爱错你"
"0.0","490站岗还好吗"
"1.0","也该轮到地产股飙下了"
"0.0","买格力去吧！别在这了，合并分分钟踩雷"
"0.0","保绿地产马上变成保亏地产！"
"1.0","长春高新，目前沪深两市的脸面和标杆。以它的主营高增长，傲世两市。。。公司的核心价值，不仅在于管理文化，更在于干净的持续的盈利。。。"
"1.0","下午站上15元"
"0.0","周一玩跑得快"
"0.0","尾盘跳水明又低开了"
"1.0","这才是稳健爬坡的强势牛股。持有此股14年的人笑哈哈。"
"0.0","拉高诱多出局，获利盘丰厚出逃，让他们站岗。"
"0.0","久盘必跌，下午跌停，乐极生悲"
"0.0","回购期间没显得比格力抗跌 反而差距拉近 莫名其妙垃圾"
"1.0","42.5卖，加油"
"1.0","炒什么股啊，任何时候买入长春高新，什么都不要管，你明年看看是多少"
"0.0","垃圾！让人恶心！"
"0.0","都是被一帮废物点心发资料发死的！恶心！"
"1.0","格力战友发来贺电"
"0.0","就好好瞎压价吧，大盘回调我看你怎么拉回去"
"1.0","长春高新将打造一个新北京、新上海，股价严重低估，全线涨停"
"1.0","今天口号:慢慢来，16不见不散，呵呵呵"
"1.0","加仓吧青年"
"1.0","18年春节前保利地产股价18元，19年同期不到13元。何时能重返巅峰。"
"1.0","最后一笔1.7万收买入"
"0.0","比万科跌的还多！垃圾央企"
"0.0","尼玛，卖了风范股份买了你，卧槽，47块的本"
"0.0","保利真牛逼吖！管你涨与跌，我就绿，一直绿！"
"1.0","趋势量子曲线显示：550左右会调整。"
"1.0","因为回购所以要压盘，等回购差不多了就会有主升浪。不过到时候要看大盘配合。希望美的回购快点落实，这样就会赶上这轮大盘上涨。"
"0.0","是不是真的有病啊！一定要这样不停的跌不停的卖吗，到底卖够了没有！！！？？"
"0.0","盘子小的家电股涨幅很大 大盘子的家电股涨幅略小 资金少拉不动 注意冲高回落 不要盲目追进"
"0.0","我就不相信市场不关心并购商誉，我就是觉得今年美的跑不过格力，让市场去验证吧！"
"1.0","能收到最高点，明天尾盘再被动抢筹，看好你"
"1.0","长春高新公告称，预计2018年度净利润9.27亿元-10.6亿元，同比增长40%-60%。"
"1.0","诱空模式。只有傻蛋把筹码交出去。"
"0.0","再来一根大阴线就基本到位了，目标价13.50一线"
"0.0","现在估值偏高了，41-42见"
"0.0","看看大悦城和万科！你就是个垃圾！！！！"
"1.0","本次行情美的肯定比格力好的多，因为资金有了选择"
"0.0","出消息必下跌！！这烂股！！！"
"1.0","告诉我为什么主力在进，你却在出"
"1.0","可能快启动了"
"0.0","跑啊"
"0.0","股市走势不好还加速科创板发行，看来我们的股票一辈子都无法解套了。"
"1.0","就是不卖，"
"0.0","深成一周上涨2.7%，长春下跌4.5%。下周400有望买到。"
"0.0","家电行业随房地产增速放缓已经到顶，在顶部收购小天鹅，接下来就是连续负增长。"
"1.0","小散疯狂出货是明智之举，格力5天后华丽转身，将走出独立行情，映像茅台与五粮液。"
"1.0","择机建仓"
"0.0","好好留点现金在手里过年吧"
"0.0","如果经历过牛熊市的股民是不会去接盘茅台、长春高新的，如今去接盘者百分百是新韮菜！天天在唱多忽悠人的肯定是庄派来领工资的人！"
"0.0","港股内房股暴跌普跌三到五个点，甚至有两只跌了60%和80%，明天地产危险了。"
"1.0","A股第一回报率 膜拜一下"
"1.0","美的今天吃了伟哥。"
"0.0","中国的垃圾股市2千点都有高！"
"0.0","等收到证监会文件，，，美的应该很快就会推出方案，，，小天鹅先现金分红10派40元，，再合并"
"1.0","镇镇仓，空仙们就出来了！"
"0.0","每次冲到400都是逃顶的机会，珍惜吧"
"0.0","19亿的成交额，空头还是挺猛的"
"1.0","买进应该这几天有肉吃"
"0.0","今年上证50指数上涨23%。保利地产涨13%。大大跑输。买这个票亏大了……"
"0.0","家电行业一季度报业绩堪忧，赚到先走了。哈哈"
"0.0","几个跌停板？"
"0.0","靠，开盘56.15买了5手，我以为会借格力的风拉一波 草，我1月的烟钱木了"
"1.0","是不是在涨停处洗盘，大家怎么看"
"0.0","朋友说今天已全部清仓"
"0.0","大盘下跌时拉指数，掩护出货，操纵"
"0.0","一字断刀啦"
"0.0","千万不要买入千万不要抢短千万不要持有快快快卖出卖出卖出"
"0.0","美的真的无语啦"
"0.0","恒大卖房打折 碧桂园大幅裁员 房地产开始遇冷 这也是保利万科最近主力大幅跑路的原因"
"0.0","好垃圾的保利地产！"
"1.0","港股地产股暴涨，有戏"
"0.0","跳水？什么意思"
"0.0","都觉得今天这个烂眼要大涨，我看未必，只要这烂眼今天收复前期14.4，我7万股坚决卖完，难得等，愿意守的继续。"
"0.0","哟，今天没低开埋人啊，没事，涨1天跌1周。埋人继续"
"0.0","真她妈垃圾得一逼"
"1.0","美的重启主升浪，55等你们"
"0.0","今天跌停价385.08元，不保证能卖的出去"
"1.0","抄底………"
"0.0","长高的机构主力会利用外资买入而出货，散户今天别接，让机构和外资自娱自乐吧，明天过后一地鸡毛"
"0.0","会新低"
"0.0","这孙子庄还压盘呢？！"
"0.0","拉高反弹出货，估计下午跌停"
"0.0","这价位出货厉害啊"
"1.0","整固后再上涨"
"0.0","太遺憾了！"
"0.0","清仓，明天再战"
"1.0","巨量大阴线 很明显的洗盘 拉升之前必须是有根大阴线"
"1.0","腾飞吧，保利"
"0.0","清仓100股，泡沫破灭。鼓掌。"
"1.0","保利地产要启动了"
"0.0","压制股价耍流氓"
"0.0","一回调就有人骂，你们脑子能正常的吗？不认可保利你用脚投票啊。上周就提醒要回调了你们还进，被昨天诱多了吧。脑子是个好东西多思考少抱怨。"
"0.0","大概率奔四百下方去了。"
"0.0","14.4快失守了"
"1.0","有些人无法唱空长春高新，就只能说些什么老二老三的？既然认准它的成长性会为我们带来更丰厚的利润空间，那就与它一起前行，老二或者老三有实际影响吗？安全第一！"
"1.0","什么都别说了，涨停吧"
"0.0","你要它分红，它要你的血"
"0.0","萎股一个"
"1.0","千万不要卖出必须持有"
"0.0","保利地产玩蛋蛋了哟！快快进货农发种业万向德农宁波韵升"
"0.0","今天十点跌停！"
"1.0","卖飞的好难受"
"1.0","已经提前两个月完成今年金赛重组的目标利润"
"0.0","跌停，速跑速跑"
"0.0","说你辣鸡真的是给你面子啊"
"0.0","马上就应验了！下跌开始"
"1.0","今天地产拉伸，这波走势难得！"
"1.0","我们都很有耐心！一月七日的年报值得期待！十送三很有可能！"
"0.0","惨了，居然被上315。。。。"
"1.0","你能不能来个涨停"
"0.0","彻底走弱，瞎的一b"
"0.0","护盘怎么还下来了艹"
"0.0","如此走法，今天的最低价41.21很难保住"
"0.0","短线的2个点可以出了"
"1.0","13.4-13.45大胆加仓"
"1.0","这走势牛逼了"
"0.0","出货了"
"0.0","公司故意搞个好几千手在50那压着"
"1.0","解除质押系重大利好，消息泄露主力咋日拉升。今日高开冲击500上方无疑。如低开大胆抢筹。"
"0.0","这垃圾连t都做不了"
"0.0","这个量能好低。上不去。控制不住自己就会犯错。"
"1.0","保利地产，，优质绩优股，顶一下！"
"1.0","美的要发威了"
"0.0","美的怎么了，跌成这样？"
"0.0","这是有什么利空？"
"1.0","汽车、家电刺激政策开始落地"
"1.0","牛市来了！保利今天大涨！"
"0.0","不要以为它一直是个香饽饽，到最后一地鸡毛蒜皮，不信走着瞧吧"
"0.0","静待13.87...................."
"0.0","库卡300亿的大锅让美的背了 国内的机器人产业高速发展 只要是中国人看上的东西白菜价指日可待 各位该醒醒了"
"1.0","请大家相信我，长春高新必上1000"
"1.0","我就知道不会让我失望"
"0.0","大利空来了～快跑"
"1.0","就不相信地产股票敢不涨！"
"0.0","继续拉高出货，真他妈垃圾，"
"0.0","保利地产带头砸厉害地产"
"1.0","社保，高管，外资集中买入，小散不跟是傻瓜，越打压越买！"
"1.0","目标600"
"0.0","保利短期趋势已走坏，走了"
"0.0","大盘都回来了 你tm不动 跌的时候最快 万科越走越强 14年你和万科都是三四块 现在万科是你两倍多 所以央企不要碰 还是要买混合所有制企业"
"1.0","血的教训：价值投资必须坚持到底"
"0.0","刚刚企稳，又走坏了"
"0.0","一泻千里"
"0.0","浪费了大好行情"
"1.0","回调正常，获利盘回吐，希望控制在一点之内，最好跟万科同进退！"
"0.0","明天要玩完，刚开始我觉得自己卖早了，后来我发现，后半截的利润我吃不到也可能是好事，因为明天很可能直接低开下杀一片"
"1.0","现在高市盈率的白马股业绩容易暴雷，我觉得低市盈率的地产龙头，业绩确定性比较好，买了可以放心拿着，跌了可以放心加仓。（不做投资建议）"
"1.0","入"
"0.0","我给大家分析下，大盘上行，他假装跟下，大盘下来，他马上猛出货，这样反复，其实出了好多货了，不知道我说的对不对！请大家指正"
"0.0","这货耽误人赚钱"
"0.0","散户好可怜啊"
"0.0","美，狂泻！"
"1.0","下午再入100手！"
"1.0","主力的想法与股民相反。你认为股价高了，我就坚决拉"
"0.0","看看大盘就知道美的多么垃圾，多么坏，"
"1.0","今天有2.5亿资金进来 看来星期一高开肯定的"
"0.0","没涨过还要补跌，怎么可能"
"0.0","欢天喜地，迎来高开低走；万马反弹，换来灰心丧气！持仓不如换马。"
"1.0","上午被刷跑，狗庄成功把我踢出来了！"
"1.0","被套了，你们被套了多少？"
"1.0","公募基金已经减持了！总户数没有增加，估值还是很低！有什么可怕的？买入！"
"0.0","这sb到底要调整到啥时候"
"1.0","周线来看，筹码基本收集完毕；从挂单来看，基本没有散户单子，说明控盘很牛；是不是这一波就开始拉升，不确定，但是适合逢低就买，目标价19.52"
"0.0","这种行情尾盘跳水？ 666"
"0.0","日美的"
"0.0","美的怎么了？萎了？"
"1.0","今天周五涨回14.8"
"0.0","今天不该买你啊"
"0.0","就是个畜生庄"
"1.0","马上大涨，别问为什么"
"1.0","抢入买进"
"0.0","赶顶。"
"1.0","别傻了，就是短线买高新也套不着，此牛票，赚钱容易，亏钱难，别被洗出去！市值上千亿，很快！"
"1.0","外资大量买入，再不买，就要抬轿子了"
"1.0","昨天年报业绩大增，今天马上暴跌，真是好玩的游戏！"
"1.0","今天竞价追进"
"1.0","一会有冲高机会，可能会见180附近"
"0.0","擦尼玛跌停"
"0.0","癌股特色，垃圾股上天，蓝筹股下地狱"
"0.0","那么多人还在做梦？！还想涨多少多少！这垃圾不跌死你才怪！"
"1.0","这股5000点套住的，3500点创了新高，5000点买进到2649还赚翻"
"0.0","绿帽子马上戴上了！"
"0.0","《别废话:上证本次必回踩2575点！融券做空者可以盈利喽！》"
"0.0","继续大跌"
"1.0","哈哈，千夫所指的保利没跌"
"0.0","破了47是不是就是一蟹千里"
"1.0","收盘上15，保利龙头地产公司，一周内突破16！！！"
"1.0","13.69进了500股"
"1.0","明显有人提前知道今天晚上的公告 盘中放量下跌 制造恐慌 让小散从心里觉得业绩不去预期 明天早上开盘再一砸 无数小三交出筹码"
"0.0","资金大幅流出快跑逃命吧"
"1.0","牛牛牛，该发力了"
"1.0","马上就会上500元"
"1.0","北向大跌大买啊！"
"0.0","小天鹅49.37*1.2=41.14(美的现价42.08)"
"0.0","真尼玛糟心天天跌"
"0.0","站稳，扶好，下大坡了"
"1.0","地产，唯一能买的就是保利，央企，不怕暴雷，不怕断贷"
"0.0","高价股涨不动"
"1.0","能不能来个板？"
"1.0","现在没有什么大风险了，至少没有早上开盘跌4个点的风险了，筹码不动，等创新高！"
"1.0","4个交易日外资净买入21亿"
"0.0","主力每天跑一个亿"
"0.0","倒在了黎明前的黑暗"
"1.0","都别吵了！周一暴利拉升 15收盘 满意不"
"0.0","跑输大盘，"
"1.0","进来5个亿新水，咱也来加仓"
"0.0","中级调整来了，年前不会有好行情了！"
"0.0","高开然后下跌？"
"0.0","这么垃圾14元叫我什么时候能回本"
"0.0","北上资金加大流出力度！"
"1.0","居然红了，这没道理啊，不科学啊"
"1.0","拉尾盘是明天大涨吗？"
"0.0","有回购在，纯粹浪费行情，死压着价，涨不动啊，跳水开始，真不要脸啊"
"0.0","阳痿货"
"1.0","洗盘成功！！！"
"0.0","绿帽子王！！！！"
"1.0","短期观望，一月中旬会向上突破"
"1.0","买了你真幸福，跟大盘无关"
"0.0","砸得你妈都不会认识，50也hold不住！"
"0.0","13块合理价格"
"1.0","震荡换手，不要大惊小怪的，换手充分了，拉起来才轻松如意"
"0.0","周一跌停见。如果这样都不能跌停。越利空越疯涨。"
"1.0","香港内房地产股A股收盘后大幅上涨。"
"0.0","高处不胜寒"
"0.0","卖在高点"
"0.0","给科创板营造气氛别当真"
"0.0","盘面显示保利黑心庄砸盘对倒十分阴毒！"
"0.0","先走了，等回调再入"
"0.0","唉，此股已死，再见！"
"1.0","开弓没有回头剑下个星期50以上"
"1.0","目标66"
"1.0","这小节奏掌握的，牛"
"0.0","该起来砸盘了"
"0.0","对残疾人不能要求过高，不退市不错了"
"1.0","还在卖的人是真的不配赚钱"
"0.0","看样子保宝股价要杀到5日线再满仓赌"
"1.0","挂55.55卖，一个月内理想一定会实现！"
"1.0","上车"
"0.0","下午崩盘！！！！"
"1.0","保利连涨二天,今天强势整理,明天必会过16元,并形成二阳夹一阴的走势"
"1.0","你们尽管唱空。崩了算我输。"
"0.0","都跌成狗屎了！还提狗屁价值投资！！！"
"0.0","长春高新净资产37元，股价430元，希望正确引导资本市场健康发展"
"0.0","难倒下跌是因为我昨天重仓了吗？"
"0.0","跌破400再考虑"
"1.0","感觉星期一有波大行情啊"
"1.0","要起飞了，快上车"
"1.0","保利每次都是连拉两根大阳线 明天又是五个点"
"1.0","连续居两市之首！"
"1.0","美的集团吸收合并小天鹅获证监会无条件通过。美的集团(000333)、小天鹅A(000418)20日晚公告，将于2月21日复牌。"
"0.0","已经破位，短期不建议持有。"
"0.0","190元抄底！"
"1.0","国家鼓励保险，银行，券商买上市公司！哇！！！这是要制造牛市啊"
"0.0","这货每次新高必有一跌"
"0.0","地产板块翻红了、看看这垃圾还在砸呢！"
"0.0","真不应该啊！跌出屎了啊！"
"0.0","高新明天跌停"
"1.0","昨天尾盘杀进来是对的，哈哈哈"
"0.0","14.45一定会打穿的！"
"0.0","阿鹏XB啦！保利没人护盘了哟！"
"1.0","到处唱衰地产，哥就买地产股"
"1.0","回购第二轮，第三轮都是可以的，市场会有信心修复正常定价！"
"0.0","年底注意资金抽离，对比上年的四季度行情。"
"0.0","狗庄准备出货了"
"0.0","亏钱走了88"
"0.0","保绿拉一天跌一周，老样子，昨天高点活埋了不少人"
"0.0","垃圾货色！"
"1.0","谢谢主力马上涨停"
"0.0","在底下吃的真快活"
"1.0","个人觉得，保利地产本轮上涨要上20，因为中丝集团的地太多了，可是我不是主力，不知道主力打算怎么做"
"0.0","美的已经玩完了！会一直跌跌跌"
"1.0","20日线下方了，不久就要涨了，哈哈，这股真的贼无聊。"
"0.0","到顶的票子不卖还留着干嘛？赶快换成今天才反转启动的青松股份！"
"0.0","又开始了，一定要不停的压盘吗"
"1.0","让不作为的人离开，让创新的人来开启，明天必大涨。"
"0.0","破位了，上面的圆弧顶很难突破了。"
"0.0","距离400还有超十个点的差距，社保养老两位还可以再玩几把大的"
"0.0","被这个并购骗进来的举手，我还傻乎乎的现在最高岗！"
"0.0","破14"
"0.0","冲高回落"
"0.0","还是绿了，唉唉唉"
"1.0","应进一步开放扩大外资持股比例，最终实现全面放开。"
"0.0","明天看保宝主力象饿狼抢血筹"
"1.0","今天牛逼了，这才是50该有的样子"
"1.0","快上车，明天上午卖出！"
"0.0","超级大盘股，跌幅也这么大的吗，4个点下来的"
"0.0","不看好都在抛"
"0.0","这个股会不会跌破净资产？"
"1.0","快讯：美的集团2018年度分红方案每10股派现18元；"
"1.0","涨的好 冲过今天14.27 主升浪"
"0.0","大白马频频出问题落袋为安"
"0.0","快跑"
"0.0","又是高开低走"
"0.0","开启阴跌之路，14元左右等你哦"
"1.0","今天不买，明天只能涨停板买了"
"1.0","昨天深港通买了19万股，总持仓比例历史新高了"
"0.0","大悦城涨三天！你这垃圾跌三天！"
"0.0","爸爸就问你这么好的业绩你绿个毛啊"
"1.0","下周大突破。历史新高，完美收官，春节过肥年。"
"0.0","明天照样跌破13.3，不信瞧，垃圾"
"0.0","非常正确，我前期买入700股，节前亿卖出，现不敢买入，因为60分钟macd已死叉"
"0.0","尾盘又跳水了！"
"0.0","快上48吧，我好跑路"
"0.0","尼玛，别人狂拉，就你个垃圾"
"0.0","高开低走 盘中拉一下诱多 下午继续低走 这个礼拜都是这个走法。"
"0.0","就是个跟跌不跟涨的垃圾！！！！"
"0.0","保利大垃，被大盘指数甩了半条街！"
"0.0","还好早上卖了换贵州燃气，"
"0.0","2018年全球前10彭博套牢榜新鲜出炉！"
"0.0","今天一直阴跌到收盘"
"0.0","出了出了、搞不了了。。。"
"1.0","明天会继续涨，今天是机会"
"1.0","等他折腾够了，大阳一起就可加仓，做大T"
"0.0","要回调了注意，今天出来的。"
"0.0","辣鸡东西，快下来吧，不要挣扎了"
"0.0","高新估计要调到三百五左右，再低点可能再三百，试目以待吧，最终市场说的算。"
"0.0","马上被格力超过"
"0.0","不愧为垃圾王！王八庄！！！！"
"0.0","折价10%大宗交易 还是那两家机构 内幕交易 低价买卖 规避税金 美的明天继续下行的几率很大 注意控制仓位"
"0.0","大垃圾。看看万科，吃屎的垃圾"
"1.0","坚决买入！"
"1.0","东北唯一可以点赞的企业"
"1.0","五连阴的股票都没地方找了，明早买回保利"
"1.0","有点强攻的味道了"
"0.0","美的市值严重高估，天价解禁，想起来都怕怕啊，市场两极分化严重，老百姓已经很少用美的了，居然还有几千亿盘子，明天起，十个跌停！年底4元见"
"0.0","真垃圾，每天都这般"
"1.0","先洗一批人出去，然后稳固上升"
"0.0","果然要再下一台阶，垃圾"
"0.0","保利 社保养老金全面出货了哟！社保养老金全面持续加速扫货农发种业双百国企就是农发种业！一线重大消息！"
"0.0","一来就套，有这么邪恶？？"
"0.0","早就说过，496元是长春高新的宇宙大顶部，赶紧跑，换600518吃肉！"
"1.0","再买进一点，看趋势还是有点搞头的"
"0.0","已经没动能冲了、该出就出了！！！！"
"1.0","今天涨幅五个点起步"
"1.0","美的集团属于白马股，今天白酒指数大涨7个点，同为白马股的家电品种有补涨的可能性，大家关注一下"
"0.0","超短线逢近期新高卖出。信不信由你。文明发贴。无美的票与不喜者请路过。"
"1.0","现在看，前段时间的地产黑洞文章的确有很大拿筹码的动机，因为没参与定增，就想方设法砸盘到定增价～基金，社保，养老金在419价位定增中长期看确实很稳健"
"0.0","我他妈T飞了，明天要大跌，信我的举爪"
"1.0","下周就是地产股票起飞时间，拿住了！"
"0.0","垃圾股市永远2千点"
"0.0","怎么不跌了，我在52等你"
"0.0","看保利就知道大盘已经不行，快断气了！"
"0.0","用我们的血汗钱组成新的反击线"
"0.0","这股已经没办法用语言表达了 大盘爆拉他不懂动 大盘回调他立马砸盘 天天资金流出 再见再也不见 主力我不接你盘了"
"0.0","美的就好像一匹饿狼前面太多肉肉看着肉狼的口水四溅结果狼又饿又渴活活折磨成一条摇摇欲坠的狗"
"0.0","13.8见"
"1.0","500值日可待"
"0.0","喋喋不休，早盘大户拉高，散户一接盘，立马打压"
"1.0","听说回购等同于分红"
"1.0","要救大盘只能靠地产股了。"
"1.0","保宝每股收益1.08元厉害"
"0.0","人民日报：仿制药大量替代 药品价格将进入下降通道。节后医药行业板块3个字：继续跌"
"0.0","砸盘的估计今天不会砸，得等明后天"
"1.0","什么时候加仓保利都是正确的操作。"
"1.0","没点对公司的深刻认识真是拿不住的"
"1.0","信不信由你，2020年1月1日前股价上600元！！！"
"1.0","想红了？"
"0.0","包你地铲，你这是下了地府了吗？"
"1.0","2018保利销售业绩4066亿，销售面积2725万平方米。"
"1.0","重组十业绩增长利好按理应该涨停开盘"
"0.0","什么马都白搭，甭管是黑马白马还是黑天鹅"
"0.0","机构上半年股票己拖高高位盘整出货为主，散户现在买不专业选股亏多赢少，散户应该等科创板注册制出台后才考虑是否买入时机为上。"
"1.0","这次震仓调整将走掉大批散户，估计筹码将趋集中。"
"0.0","利益输送完！这些垃圾高管开始减持获利了！！"
"0.0","中国垃圾股市暴跌开始"
"1.0","保利过15元，向18~20元进军"
"1.0","明天大涨，喷子绕道"
"1.0","14.30元抄底买入，放半年"
"1.0","谁在压价出货？都出一个多星期了，还没有出完吗真希望你快点出完，然后没你的事，去睡觉，歇歇！"
"1.0","我还想把保利买回来，觉得保利可爱，今天看有没有机会或者除权后再买，等着看着"
"1.0","两万手封死13块，不是谁都可以的好吗？这两天要么依然死拿要么配合要么跌回时加仓，前提是要有好心态为思考的主线。"
"0.0","狗庄恶意压盘！"
"0.0","有人问我回调时间多久，我说半年"
"0.0","完蛋，今天地产股里的弱者"
"0.0","估计又凉啦"
"1.0","如果还有2100亿下半年结算*0.145=300亿 已结算的100亿=400亿，400/119=3.36元/股，目标价40元"
"0.0","长高尾盘拉升，第二天肯定跌，多少次都这样！明天集合竞价赶紧卖"
"1.0","保宝今天抄底抄到13，90元。外围大漲，看明天14元给主力"
"0.0","开启下行"
"0.0","法克，这碗大面"
"0.0","韭菜们小心"
"1.0","全力支持长春高新再创新高"
"0.0","跑！"
"0.0","明天一砸到底20周线"
"1.0","向上冲鸭～开通东方财富网就是为了买你来的～不要让我失望啊美的"
"0.0","想看看今天套多少人"
"1.0","盘子小优良好股稳健"
"1.0","连调5天，该拉了"
"1.0","汽车都下乡补贴了，家电还远吗"
"0.0","大盘也上涨了这么多，势必回调！！！"
"1.0","别洗了！干就完了！真墨迹"
"1.0","劳资实在是没钱了，有钱非得抄个大底"
"0.0","垃圾美的，浪费大好行情"
"1.0","下一个千元股"
"1.0","我靠，老子昨天刚割肉"
"1.0","新三板上市公司不用摘牌可以直接申请转科创板，利好保利物业"
"0.0","这货确实不怎么滴"
"1.0","45.85下单晚了，没买到"
"0.0","那个强生医坏了一个病人要赔80亿美元药企风险太大了"
"0.0","小偷公司忽悠重组成功"
"0.0","两个月以来 没有超过五个点的涨幅 跌幅倒是有"
"1.0","缩量上涨 是高度控筹了吗？能涨到什么位置呢"
"0.0","我叫你一声垃圾 你敢答应吗？"
"1.0","下午绝对能红，大家别卖"
"0.0","出货节奏，地产寒冬11块不远了"
"1.0","全仓补完了"
"0.0","新股民看似是美丽的艳阳天，老股民则看到是乌云密布、狂风暴雨即将来临的阴天前夕！"
"1.0","小天鹅A的现价至少是美的未来的目标价。"
"0.0","就是不愿意涨吗，还是一定要压盘"
"0.0","卧榻，满仓跑输大盘600点"
"0.0","指数回升 你股价越跌的越深 cnmb"
"0.0","合老母"
"1.0","今天最错误的操作是366附近把长春高新卖飞了，现在才剩下100股，我以后择机加仓长春高新，长期持有，价值投资高增长公司。"
"0.0","28亿元回购公司股份刚刚达到1％，这就是美的管理层的决策。28亿啊。"
"1.0","大家继续努力赚钱，补回来就是胜利"
"0.0","越套越牢，紧箍咒"
"0.0","唉，保利是真的地产股里面的垃圾股"
"0.0","涨都没涨，爹起来TMD到是几个点来艹"
"0.0","之前美的格力相差2元钱左右 现在相差6毛左右 谁更垃圾 玛丽隔壁"
"0.0","美的　没有前途了"
"0.0","最近要回调不少了，今天外资卖出1.27亿，很久没有大笔净卖出"
"0.0","16是保利的魔咒啊，每次都站不上去"
"0.0","美的人员素质低 企业发展不好"
"0.0","全流通的盘子，3个月强拉涨了40%，而且是各种利好基本完全兑现的情况下，市场先生的情绪达到了高峰，虽然我长期持有，但还是选择出掉了大半待机"
"0.0","清仓 逃命。也许我错了。上海方军"
"0.0","垃圾位置太高，今天跌6个点"
"0.0","毫无反弹之迹象!多方阵营太弱了！"
"1.0","5月线，再次翻身向上。"
"0.0","小伙伴们，稍安勿躁吧，大方向上是没问题。上周提醒大家要回调了先回避。这几天新进的也没到减仓标准。挺一挺吧。"
"1.0","老哥才是市场龙头"
"0.0","还好早上14.24卖了 全加仓ST长油"
"0.0","又到该高抛的时候了，到35左右再买回来。"
"1.0","2019-12-10北上资金继续加仓000661，今日增仓50万股以上，总持仓量超过585万股！"
"1.0","茅台第二加仓"
"1.0","只记得16年，价格还是8块，我亏的脸都发青。一丝丝的气维持着生命.18年1月，都回来了了.还挣了60万，那一刻，我明白了什么是价值投资.时间是最大的外援."
"0.0","换那个都比这垃圾强！"
"1.0","任何利空对央企都是扯淡，看看中石化就知道"
"0.0","继续向下不用解释，还没跌够"
"0.0","近期医药股甚入，医药谈判利空巨大，"
"0.0","我好绿鸭~"
"0.0","泄得真快"
"1.0","优秀啊"
"0.0","到底还有谁？！你妈的一定要不停的跌吗"
"0.0","还好没买，这个跌幅太吓人了吧"
"0.0","地产股真没得玩，业绩好有用吗，股民能攒过钱吗？"
"0.0","早盘冲高诱多，给散户一种调整就得马上加仓的错觉，结果主力跑了，筹码都派给散户了，看近期股东人数就知道了"
"1.0","这明显是逼空呀。"
"1.0","预计明天高开3到5个点，震荡向上，收盘涨幅5到7个点，随后几天震荡突破50。"
"0.0","管住手，跌到四个点再买。"
"1.0","房地产的几个龙头都在底部，放一年30%"
"0.0","调整速度有点猛，措手不及，海尔领先一步，抹平年后涨幅"
"0.0","贱命"
"1.0","我买了20万美的，能不能从美的身上赚30%?"
"0.0","哎，当时11.97换成万科23块8就好了"
"1.0","这一波看到19"
"0.0","最终不及格力!"
"0.0","粪怒。撤。"
"0.0","明天美的可能会暴跌，希望我猜错了。"
"1.0","这个股是好股.主力是好主力.大家买买买.只要你不断补仓。你就永远不会被套"
"1.0","保利大牛，不尽扛住了，还强势上涨3分钱"
"0.0","这个辣鸡，，医药板块红了"
"1.0","五佰元很近"
"0.0","买股最悲莫过于冬天买扇，夏天购棉袄，正如买了保利一样。"
"1.0","这个票可是国字号控盘的，未来可是大牛股，只是时间没到，未来涨幅巨大，第一个台阶，就是是18元，"
"0.0","以前收盘前会往上挑，现在收盘前还不忘大跌"
"0.0","三天一个跌停板了！保绿真牛！！！！"
"0.0","房地产都算得很清楚，是有天花板的，你拉这么高，忽悠谁啊，还不快点跌下来"
"0.0","一买就暴跌，服"
"0.0","收盘还是绿，别幻想反转了，反弹都不会有！"
"0.0","继续阴跌"
"1.0","见机追吧"
"1.0","看好长春高新，加油"
"1.0","地产板块启动了，大家坐稳扶好！别丢了宝贵的筹码！融资的可以出点货，防止意外！"
"1.0","明天美的大涨"
"1.0","加仓美的"
"1.0","融资满仓13500股，坐等庄家抬轿子！！！"
"0.0","不想耗了，真垃圾，割了吧"
"1.0","今天你是地产股最靓的仔"
"0.0","红天鹅绿美跌"
"0.0","40亿回购扔到了水中，问声不起浪！"
"0.0","难道是公司行权把价格打下来"
"0.0","便秘了吗？走势看着着急"
"0.0","腰斩马上开始，一刀一刀的割……"
"1.0","美的下一步，，，洗衣机冰箱和海尔火并，，，厨房家电和老板华帝战斗，空调和格力打"
"0.0","这股现在不错！涨一个点跌三个点，还敢往里进呢？阴跌开始，速速卖出！钱是自己的，好好珍惜！钱来的不是正道想怎么炒就怎么炒吧"
"0.0","保利也是衰，这么好的业绩"
"0.0","很快就要发套了"
"0.0","环保地产，14块守不住"
"1.0","看好美的但昨天没加仓，不过昨天加仓了20手小天鹅，这算间接加仓吧。"
"0.0","长春高新真坑我的基金10个点没了，你还跌，医药怎么天天跌，难道卖假药？？？"
"0.0","大盘涨你还是这个吊样"
"0.0","当今天下，庄家从不把政府放在眼里，独行独断，为所欲为，不理会现实基本面。可以将股票炒上天，亦可打下十八层地狱，保利就是其中之一。"
"0.0","到时候踩踏了就危险了，毕竟那么高在山顶上了"
"1.0","超跌反弹！价值投资理财"
"0.0","你高开还不是要下来"
"0.0","根据周五的表现，周一应该跌2个点收盘"
"1.0","2019年重回价值投资，美的上七十，格力六十五，现在买入至少有五十点空间"
"0.0","地产又完了 周一还得追券商。"
"0.0","是该走下神台了，没有不散的宴席"
"1.0","卖格力，买美的，没错"
"1.0","呵呵，买了保利，今天这种行情，这个时候才体现价值股的优势了"
"0.0","满地随便捡只股肯定比这强"
"1.0","已买进600手，明天涨停"
"1.0","看来保利地产还是不错的，可惜买少了，明天至少涨4个点。"
"0.0","重组内容不咋样？股本越来越大，以后慢慢变成垃圾一堆。"
"1.0","全是雷的股市，还是美的稳，就是买。"
"0.0","弱爆"
"0.0","只会拖后腿的垃圾"
"0.0","怎么我一买美的，她就这鸟样"
"0.0","明天市值超过小偷公司从此夺回老大宝座，不喜勿喷，这是市场决定的，没有永远的老大，创新才能驱动，深改才会前行。炒股不能恋爱，再见了美的！"
"1.0","我感觉马上要涨到14.67左右"
"1.0","要起飞了"
"0.0","垃圾天天跌"
"1.0","第二个茅台，能上一千"
"0.0","狗庄拉高出货了！再不跑就被埋了！！！！"
"0.0","这一波要到头了，起码回调到40"
"0.0","跌吧，跌吧，涨中跌比跌中涨效果要好面子不好看而已！"
"0.0","板块方面全红盘，就这垃圾拖后腿戴个绿帽子"
"0.0","有本事来个跌停板"
"1.0","今天是要涨停的节奏吗"
"1.0","新高了"
"0.0","下一个48元的中石油"
"1.0","卧槽买少了"
"1.0","有外资托底不需恐慌"
"1.0","短期上14元，一点问题没有。放心持股"
"1.0","下午涨停"
"0.0","机构走后一地鸡毛"
"0.0","高价股射噩梦到了"
"0.0","北上资金持续流出，好你们撤退，我来掩护。"
"0.0","大盘太弱了、这样的消息都无反应！"
"0.0","马上戴上绿帽子了！"
"1.0","601360，节前加仓，节后连板！！！！！"
"1.0","12.68-12.71入了5手，继续享受钝刀磨颈的快感，慢慢低吸。感谢主力！"
"0.0","保利不错，赚了10个点走了，等有机会再来"
"0.0","这就是提倡价值投资的垃圾央企！！！！"
"0.0","外资是抄不到大底的，他们进来就是买套的，所以，要跌停了。"
"0.0","高开低走，继续下行！建议昨天追高的今天马上止损"
"0.0","《再说一次:上证回踩2575点见!》"
"0.0","大盘红了，这货都不一定红"
"0.0","八元见！"
"0.0","虚高！！"
"0.0","下周一高开低走？"
"0.0","昨天把我洗出去了，我是不是该高兴"
"1.0","已经破了一个，再来一个托单接着破。下周一看13.69附近我准备半仓干了，主力你们看着办，保利我准备回来了。"
"1.0","下午起飞了"
"1.0","转了一大圈还是保利好啊 每次大跌都下不去"
"1.0","故意做空的吧"
"1.0","见好就收499.99"
"1.0","擦。。。。要拉升？？？最低是13.68么求问。。。还有机会么。"
"0.0","完了，又绿了，提不上来了"
"1.0","不错 今天首次跑赢指数"
"0.0","万科连续三天缩量上涨，地产股快装不下去了"
"1.0","哦，做60分钟底背离嗦，哥又准备加仓了！"
"0.0","离进场的目标价，还是有差距，今天继续"
"0.0","没得希望了，看来明天得早点跑"
"0.0","天生戴绿帽子的货"
"1.0","韭菜们给我冲！就不信干不过狗庄！抢钱啦。。"
"0.0","大盘不好，增持路在何方"
"0.0","丟，被套了"
"0.0","股权激励有何意义？总股本不变。只不过是花全体股民的利润，重新分配给高管罢了。强烈建议，回购股份注销"
"0.0","每天跑1个亿"
"0.0","保绿就是个垃圾搅屎棍！！！"
"0.0","大好行情，怎么就重仓了你这个垃圾，我艹"
"0.0","罪有应得的走势，黑心保利！"
"0.0","开启三级跳的节奏"
"0.0","美的公司真是垃圾，大额交易几乎全是跌停板价格，这也就是在庄家那里它真正的价值。"
"0.0","机构画图给散户看，引你入套。"
"1.0","周一如果跌停我直接全仓外加借呗六万买入，立贴为证"
"0.0","踩地雷了"
"1.0","牛逼不是吹的，火车不是推的！"
"1.0","不停涨，涨不停"
"0.0","可以，硬是把格力拉下来了"
"0.0","做套集团！"
"1.0","惊喜连绵。呵呵"
"1.0","快的话周日出上月销售数据，老保利股东都知道每个月保利的上涨都是这前后几天，昨天今天我已经补了很多。"
"1.0","北上资金继续买进000661，深股通十大成交股第四位000661长春高新成交榜　数据　行情　股吧420.9-2.07%2.24亿3.32亿1.08亿4.40亿"
"1.0","跌到12元满仓干"
"1.0","没有只跌不涨的股票，大家扛过最困难的时候，这个星期拿稳了"
"0.0","随着中国平安，茅台等股的放量下跌，恒瑞医药，药明康德，华兰生物……都在同时下跌，这不是巧合"
"1.0","你追我赶　　60很快就到"
"0.0","名字都看出来只有小弟的命，你叫小美，人家叫大格"
"0.0","打起精神割韭菜"
"0.0","垃圾呀"
"0.0","事实证明我卖出清仓价格是顶听话的都幸福吧"
"1.0","快点进，美的跌几天了，最好的机会，50肯定上！！！"
"0.0","不长记性的散户又当接盘的了！套死活该！！！"
"1.0","410满仓"
"0.0","说好的回购呢？！你个垃圾股！"
"1.0","逢低吸纳"
"0.0","抛盘太重，机构比散户知道消息要早要快，散户回回都是收盘后才知道，去哪卖！所以趁现在赶紧比谁跑得快吧，今天有可能两点半触碰跌停"
"0.0","勺子走法。明天做跌。"
"1.0","全部满仓了，该拉了吧？"
"0.0","我在12.5等你"
"0.0","三天跌了一个跌停！牛！"
"0.0","美的一时半会是上不去了，因为各个点位上被套太多，都等解套后撤出所以请别指望了"
"0.0","最高点比格力多涨1% 结果收盘和格力涨幅基本持平 也太不坚挺了吧 就不能连续硬几天吗 玛丽隔壁"
"0.0","放量大跌，大庄几倍盈利在兑现，你们顶住护送他们撤退！"
"0.0","明天周四 都怕了 不会落就不是矮股的特点 果不其然 今天有不少人入坑了 庄家做得够绝"
"0.0","仔细看了今晚的公告，明天又是奔着5个点去了，我太难了"
"0.0","垃圾保利，大大的垃圾"
"0.0","还是没有办法涨，横久必跌不够强势，50块上不去了"
"0.0","大盘的一半都不到！！垃圾股！！"
"1.0","问史上哪次高管增持后，股价表现不好？我，坚定跟着高管走！只恨自己近期操作失误，白白倒贴了利润"
"0.0","13.04卖了，除手续费和分红税赚了两百多，这股实在太硬了"
"1.0","今天中阳线"
"0.0","保利，机构卖出在路上。。。。。。。。。"
"1.0","涨停了"
"0.0","快钱都去炒白酒了"
"0.0","空仓还好今天没有买入 明天周四有低点就进"
"0.0","都是基金跑路了，估计明年在玩了"
"0.0","以为要涨停，谁知道是跳水冠军"
"0.0","配合出货中"
"0.0","见了鬼了，不断的有大单压价"
"0.0","涨券商，地产银行股大幅调整"
"1.0","无脑买，没毛病"
"1.0","直线拉升，一字涨停。"
"1.0","我朋友今天465追高满仓.佩服佩服啊。他说明年到1000.真难以相信。我买000513算了。"
"0.0","想着下午拉升的盆友，果然又被打脸"
"0.0","真是垃圾，无语"
"1.0","美的加油！"
"1.0","年底上700"
"0.0","15.25卖了，等了几个月！不看好连续上涨行情。港股融创和碧桂园假期只涨了3-5%。差不多咧，一步到位"
"1.0","首先恭喜大家过新年，买的美的安心，不像垃圾股不知什么时候出来一个地雷就被炸死了，新年过后合并小天鹅，，新的航母又将起航"
"0.0","美的一项豆浆机专利被判无效"
"0.0","都在唱涨，明天估计要跌，果断清仓"
"1.0","保利腾飞了"
"1.0","美的真是好样的!中国的良心企业!"
"0.0","为啥平安回购就涨，你美的回购跌呢"
"0.0","弱爆了。几个点的亏损"
"1.0","买这种股少操心"
"1.0","长春高新（000661）获外资买入50.8万股，占流通盘0.30%"
"0.0","最近真的很垃圾"
"0.0","赶快跑"
"1.0","看到一则消息，一年大赚百亿！戴森被中国人买成首富，财富总额达1223亿元！家电市场是浩瀚的海洋，相信美的大有可为！"
"0.0","啥比主力"
"1.0","合并前，总股本1.7亿股，其中金赛贡献了百分之八十五利润。合并后，分子增加的比率大，分母增加的比率小。相对来说增厚了利润！"
"1.0","涨停！！！涨停！！！大家珍惜带血的筹码？"
"1.0","交银：预计明年一线城市楼市政策松动 销售面积增5%"
"0.0","主力好没脾气，砸停不挺好的嘛，"
"0.0","傻逼，天天害人"
"0.0","第一个跳出来砸盘的畜生"
"0.0","在牛市里抱着熊股"
"1.0","点燃你的热情，上！"
"0.0","就是要不停的卖吗？？！！"
"0.0","美的现在的规律是大涨一天阴跌十天。"
"1.0","买美的，御严寒。助美的，稳发展。"
"0.0","手贱万科换保利"
"0.0","直接宣布回购完成是致命的，让人没了盼头，今天幸好有董提名董事，格力偏强拉了美的一把，估计明天这对难兄难弟就会争先恐后比赛跳水了"
"1.0","震荡整理中，突破40元可以继续跟进"
"0.0","散了吧！往上意愿没有，盘中流出不停！"
"1.0","明天开始数涨停板"
"1.0","美的这种现金奶牛股，肯定会大涨的，目标55-60不动摇"
"0.0","接着砸呀"
"1.0","恭喜美的全面战胜格力"
"0.0","一会就坐滑梯下来"
"1.0","今天的上影綫是先人指路，但明天有可能回調一下再上，這是中国股市莊家的操盤技巧。"
"0.0","本公子从来就是赢家，从不失手。明天我就走了，Bye~"
"0.0","通产丽星，世界科创龙头…保利地产，垃圾股"
"0.0","为了回购，这个垃圾美的有的跌，太无耻"
"1.0","跌下来就是未来的利润空间 不换股只买她"
"0.0","到现在没过前高 奇葩股"
"0.0","美的都被你们玩坏了"
"0.0","大盘都跑不过"
"1.0","试探性的往上走，属实正常。"
"0.0","昨天大涨跟不上，今天跌的有跟上了，废物，腊鸡"
"0.0","不妙不妙。"
"1.0","厉害啊，我的大宝哥！！！"
"1.0","诶？我走早了？"
"0.0","没事的，你可以继续跌。我输得起。我们各玩各的。"
"1.0","挂405买1手，如成交，395，385继续补仓！"
"1.0","跌的逾多我们买的逾多"
"0.0","这难道就是传说中的zhi zhang刚看以为要拉三个点这拉稀拉的，谁能有空出去"
"0.0","下来了！"
"1.0","调整化解背离，继续向上"
"0.0","昨天放量下跌，危险了！"
"0.0","今天跌停板"
"0.0","今天清仓了"
"0.0","受新城控股影响，明天暴跌"
"1.0","估计这周能有十多个点的上涨空间"
"0.0","无敌的卖单 砸单割肉了 大盘这么好天天跌"
"0.0","家电股马上暴跌，美的首当其冲"
"1.0","保利地产，中报净利增 50%多，股息率接近4%，比存3年期定期还高，PE7倍不到，龙头地产公司最近被情绪坑惨了，在我看来就是在挖坑，赔率很高。"
"0.0","巨量解禁的迈瑞都站起来，这b…"
"0.0","就只有资金在撑,资金链一断就是断崖式下跌.要么就是高送转释稀股价维持一段时间."
"0.0","快跑今铁定戴绿帽子了！！！！！！！！"
"0.0","爆雷了吧"
"0.0","美的，您的价值没格力高!完全是操作!"
"0.0","这个位置和机构玩没意思，不如休息一两月！散户朋友们"
"0.0","好好的一家公司，被所谓的回购弄得市值一地鸡毛。还美其名曰稳定股价。稳，真稳，永远在55元以下不要动了"
"0.0","逢高清仓，明天低开低走，连跌两天。"
"0.0","真是够垃圾的了！"
"0.0","急跌不接盘、不补仓。继续等待调整结束。"
"0.0","这股没戏，盘子太大"
"0.0","美的 你怎么了 醒醒振作点"
"1.0","这个星期站上55"
"0.0","星期一卖不出去了"
"1.0","不是套速度进，这么大的利好房地产崛起了，快速进吧"
"1.0","我觉得现在的房地产股票有点像12-13年的白酒。虽然政策影响了人的预期，但是需求还在。"
"0.0","保利地产，垃圾中的战斗机！！"
"1.0","过去30年，我没有判断错过一次行业。接下来我们就只看一个行业：医药，投资我们的健康，这个一定不会错的！"
"0.0","不知不觉，就被套着十个点站岗了"
"0.0","学习外狗套住美的投资库卡股权一样，管他娘大盘涨不涨，反正死里跌就是"
"0.0","要回调了"
"1.0","长春高新破新高！冲冲冲"
"0.0","55是美的紧箍咒"
"0.0","垃圾保利地产！"
"1.0","星期大概率继续，13.50入手"
"0.0","真他妈的烂泥！"
"0.0","这个垃圾以沦为外资打压的工具！！！"
"1.0","董明珠连任成功 明天格力电器会不会上涨 顺便带着美的"
"0.0","还是逃顶为上"
"0.0","这个烂眼，真折磨"
"0.0","砸盘的畜生又来了"
"0.0","下周一解禁"
"1.0","来势汹汹，挺牛掰"
"1.0","坚定持有600048 必有大肉 17附近压力大 必过"
"1.0","港资在做空地产股。买进"
"0.0","快跑！加速下跌！马上绿帽子戴上了！！！！"
"0.0","漂亮 自选股跌幅第一"
"1.0","故意压单洗盘"
"0.0","核心是什么，将来靠什么赚钱！！这个价，泡泡大了，应该洗洗了"
"0.0","高位横盘了几日，理应下来。"
"0.0","趁红盘冲高赶紧卖！现在是最好、最后的机会卖了！别犹豫赶紧卖，要不下午又变绿了"
"0.0","吃屎的狗庄还在砸盘！"
"0.0","回购数量还不到总股本的2%，远不如以前的一次增资扩股来的多。"
"0.0","14以上买的都要被套，快跑"
"0.0","依然是小偷公司做派"
"0.0","量能不够突破不了"
"1.0","美的集团作为回购榜样，今天涨停"
"0.0","凉了"
"0.0","三天涨的不够这垃圾一天跌的！"
"0.0","哭唧唧(;;`)"
"1.0","资金正在慢慢的从中小创回流蓝筹，至于地产板块可以回流多少不好说，但是多少也应该会跟在后面缓慢的爬升一点！"
"1.0","保利保利，就冲这名字买了"
"0.0","反正我只是看，就不买，垃圾主力自己玩去吧！！"
"0.0","tm的，大盘下来多少，你下来多少？，披着一张人皮"
"1.0","房地产三年来利空不断，但行业每年保持3O%的增长因房价就是GDP。国家支持。"
"0.0","涨时总排在第三梯队！下跌总排第一梯队头名"
"1.0","趁着格力停牌，美的赶紧涨几天啊"
"1.0","万科保利放量拉升，地产板块启动了！"
"0.0","保利两市垃圾排第一应该没什么问题，我说的不是基本面，是里面的机构，恶心已经不能形容它们。"
"1.0","很好 这个傻装 把自己洗出去了"
"1.0","冲上去"
"0.0","调整到345"
"0.0","我真的是日了狗"
"1.0","今天已放量，目标价二十元"
"0.0","怎么永远是最差的一个"
"0.0","别急，地产股还有跌幅！"
"0.0","回购是利空"
"1.0","涨停"
"0.0","垃圾，不如格力"
"0.0","看多了来了证明要跌了"
"1.0","不至于涨停吧"
"0.0","保利地产业绩大幅度低于预期，销售收入大幅度低于预期，坏账准备大幅度低于预期，"
"0.0","贱"
"0.0","就是要让你恶心一年"
"1.0","两市全线暴涨，赚钱效应全面回暖。"
"0.0","到100元在来"
"0.0","看看业绩好的蓝凑股，五粮液，恒瑞医药，万华化学临近年报，涨势如虹，美的还是业绩增长不太给力，所以股价表现也很弱"
"0.0","444，死死死，大家小心"
"0.0","美的回购严重压制股价，"
"0.0","这垃圾庄要完蛋！"
"1.0","美的您够厉害的！比格力强势！"
"1.0","美股收红，看来大盘反弹还得靠地产"
"1.0","不错"
"0.0","大盘冲高回落，散户看空，估计得看明天的行情"
"1.0","总不可能一直跌吧，肯定会有反弹吧"
"0.0","都是那两个疯婆子惹的祸，到处乱咬，都给咬下来了，"
"0.0","像个王八一样"
"0.0","艹，今天要吧大盘拖到3200以下"
"0.0","长春高新股票已超卖"
"1.0","明日反弹！！！"
"0.0","还好只有1手了"
"0.0","这两天地产股不错，作为龙头，保利的表现实在是太差了"
"0.0","快跑！"
"0.0","垃圾透顶！"
"0.0","严重怀疑连续的大宗交易与回购有关 玛丽隔壁"
"0.0","死辣鸡！"
"0.0","狗股要砸盘了"
"1.0","14.33打完最后的子弹，开始装死。到今天已经抹平10月的涨幅了，我坚定看多后市"
"0.0","真坑爹！！！！！"
"0.0","真的不给力啊，到底干什么？回到42？不让股民赚钱的企业都不是好企业"
"0.0","欠跌 涨不动"
"0.0","这一波又到见顶时"
"0.0","没有最低只有更低？"
"1.0","流动性释放 首套房贷利率下调空间增大2019年01月09日 09:55来源：中国经济网　作者：杜雨萌"
"0.0","大家别被那些喊买的带进去，都是托，骗人当韭菜"
"1.0","凑个热闹，看多了。"
"0.0","你们不是说涨停吗"
"1.0","保利地产上涨报红了，大市行情上涨，板块也上涨，保利地产也是优质货上涨报红了！"
"0.0","派饼式放筹码，放量便大跌"
"0.0","47.03是240均线，我47加了2000股，想着年线应该守得住，可结果……失望，美的太垃圾！"
"1.0","这情况不是应该买入吗？"
"0.0","库卡股价大涨至57.80大家不要怕才跌上百亿每天拉上去是为拉更好砸下来"
"1.0","四百是个底，绝地反弹"
"1.0","年线太壮观了"
"0.0","美的真是太垃圾了，这都涨不起来"
"1.0","明天地产股久违的爆涨，万保招金大地产领涨。朋友勿喷明天见谢谢。"
"1.0","保利与金地二选一。选保利央企稳。"
"0.0","早上追高朋友你们好吗？"
"0.0","板块集体拉升！这货开始砸盘了！！！！！"
"0.0","大盘反弹快结束了，再有一两周该二次探底了"
"0.0","万科都涨一个多点了！这怂货又绿了"
"1.0","下午大反转"
"0.0","套到何年何月?"
"0.0","节节败退！庄家出货了"
"0.0","每一次红盘都是减仓点，保绿的作风"
"0.0","向下长高"
"0.0","继续看你折腾，今天破13更好。主力砸一波，20万手直接砸跌停"
"0.0","连大盘都跟不上了，真丢脸啊！"
"1.0","持有"
"1.0","这个点位除非主力拉，不然散户不敢进的了，昨天该补的都补了，没补的要不就是没子弹了要不就是错过昨天低位不想进了"
"0.0","这种跌法，有点过分。"
"0.0","保利地产已没有任何投资价值。"
"1.0","一城一策不搞一刀切，给房地产留了活口"
"1.0","今天二十万在手里热了一天也没买，有点后悔。44.5的时候应该全买的，犹豫了一下。"
"0.0","垂死挣扎也改不了下跌的命运！！！"
"1.0","这就是王牌 好的公司，坚定持有会给你回报"
"0.0","这也是浪费行情的股，心理平衡了，我也买了一支浪费行情的股，还是重仓，还不如买指数"
"0.0","尾盘指数创近期新高 反而美的涨幅略微回落 注意风险 近期涨得强势 小心节后调整"
"0.0","板块倒数第一哈哈"
"0.0","想前三名的垃圾股"
"0.0","逆势出货，正当其时。"
"1.0","要卖赶紧跑，跑了才能拉升，外面雨大随你们走"
"1.0","科创板打新需要配上交所的股票，拉出来看看除了50和各大央企还有谁值得配呢？想通这点，慌毛线啊！"
"1.0","可能是医药股首只突破1000 元的股票了！"
"0.0","现在看我清仓价格是绝对高点了吧"
"0.0","周一玩完了，直接挂跌停价得了"
"1.0","卖的人鼠目寸光"
"0.0","今高开不是好事啊，真不愿看到呀，今没有搞头了。个人观点仅供参考"
"0.0","无量阴跌，短期双顶确立，跑吧"
"0.0","今天你就这样了。"
"0.0","傻逼股市"
"0.0","艹，10年涨了200倍，明天跌停，主力开始套现"
"0.0","一眼没看着，又跌这么多！赶紧卖吧，都劝多少次了，非得在这坐电梯！"
"1.0","保利，点赞"
"0.0","机构都在跑路，趋势跌坏了，人心就散了，短期难已修复了"
"0.0","是不是你把格力给带下水了"
"0.0","哈哈哈 美帝上315了"
"0.0","都疯了吗，一定要砸盘，大盘在涨啊！！！"
"1.0","很难洗出我，我要和庄家同生共死"
"0.0","就这样被超过了，天啊，心太累了!!!"
"0.0","股价还不到万科的一半，跌幅每次都是万科的两倍，垃圾辣鸡"
"0.0","看不懂，以为你会追超格力，没想到半死不活"
"1.0","三季报应该增长百分之三十以上，重组完成年报同比增长百分之五十以上，年底股价500元。"
"0.0","我呸，拿股东的钱补贴高管、说是回购。董大姐给每个员工加1000，需要8.5亿。给工人加工资我觉得应该。美的居然拿66亿给高管做福利，太贪婪！"
"1.0","主力的套路就是吓你交出筹码，莫上当。"
"0.0","下面就这点接盘，出货都出不去。"
"0.0","今天大盘跌0.5你跌1个多点，等你到12再来买你"
"0.0","跑，到顶了，@"
"1.0","长春高新最最牛!好样的!走势非常漂亮!业绩也非常亮丽优秀!祝福长春高新!"
"0.0","窝囊废。撤。"
"1.0","增持30万股"
"1.0","不要涨停，盘子太大，涨停不合适。6.7点可以了，明后天才有机会继续。一次就胀死不如每天都吃饱。"
"0.0","赚30倍了，清仓不完了。"
"1.0","钢铁企业平均负债65%都是死债房地产是活债有土地房子。"
"0.0","今天的K线走势，是个吊瓶。"
"0.0","资金狂撤，再不跑就完了"
"0.0","恐高，清仓了！"
"0.0","这垃圾庄臭不要脸了！没得要了！"
"0.0","长票仔细观察看，确论跌破趋势线"
"0.0","不论是高新，这次调整是连续下跌，风险大呀。"
"1.0","尤其坚决看好美的未来机器人产业的前景，对公司的业绩会有更大的贡献！"
"0.0","好弱！"
"0.0","巨量下跌，此股可以远离了。"
"1.0","调整到位"
"0.0","我们的股票跌，外围的股市升，心情真的不爽，觉得总被人欺负一样难受。"
"0.0","卖万科买了这个辣鸡，手贱屮屮"
"1.0","这股下午涨停了！地产股又得全部跟着大涨了！"
"0.0","进了一千多万跌成这样？！"
"0.0","这和2015炒垃圾题材股有什么区别？A股癌症已入骨髓……等着一波过后再暴跌吧"
"0.0","持有的几个股票就美的不涨，那几个赚的钱都被美的亏了"
"0.0","房地产会大跌"
"1.0","从五百到一千、需要几个涨停板、长春高新一千以是小目标！"
"0.0","涨一点就来利空，信托也限制投资房地产，不搞死不舒服吗？"
"0.0","日了狗这下给套死了"
"0.0","美的你真是个废物你就不涨"
"0.0","马上翻绿"
"1.0","别着急，等均线，均线上来了走的更稳，大家心里也都踏实了"
"1.0","美的股东要以开放的心态来看待格力大涨，不要犯红眼病。格力涨得越高，美的的上行空间就越大，大家都能赚钱。"
"0.0","垃圾保利地产，早日倒闭！"
"1.0","大幅回调正是低吸良机！"
"1.0","我看两年内赶超茅台科技"
"0.0","吹牛逼说到18的黑嘴券商死哪里去了？"
"0.0","烂货！"
"1.0","55.45等你"
"1.0","今儿不管大盘还是个股都有戏，都是散户在卖出"
"0.0","这就是家电龙头，哈哈"
"0.0","公告一大堆，股价一地鸡毛"
"1.0","等着大涨吧"
"1.0","怂样！别被洗出去了！"
"0.0","垃圾又要打回原型了！"
"0.0","来吧，来根大阴线！"
"0.0","每天红一秒钟，然后开始大跌"
"0.0","看来大家都上当了。"
"1.0","这样的业绩增长、有几个公司？高新威武！"
"1.0","明天低开高走，收盘2个点"
"1.0","加油！美的，甩那边几条街吧！"
"0.0","短期头部出现"
"1.0","新风口地产板块虽说没有起来，但是板块净流入15.6亿元，板块净流入排第一"
"0.0","真是中国特色，小盘垃圾股做妖，绩优蓝筹永远垫底子而生"
"0.0","一大早9点半我就跑了，二天7个点，过几天再说吧"
"1.0","美的这波涨得跟不上，买飞了好想上车"
"1.0","小天鹅，分红之时，并入美的之时，加上国家重视电器行业，美的，应该会有一波。其他股，涨幅太大，不敢追了！"
"0.0","别当炮灰！有多快跑多快！庄家开始套人了"
"0.0","有空看盘了，美的却跳水了"
"0.0","跟万科、大悦城没得比！被甩出一条街了！！！"
"0.0","这换手率，凉凉了"
"0.0","保利真他妈的辣鸡"
"0.0","地产股都得退市转型。弄高科技！老百姓不支持地产！"
"1.0","今天上500.462买了。480加仓了。"
"1.0","这是啥意思 龙头吗？"
"0.0","长票千万不要买入，日MACD死叉，日KDJ死叉，日DMI指标ADX死叉ADXR，千万不要贪欲，千万小心"
"0.0","49.5全抛。"
"0.0","美的大跌才开始"
"1.0","赌对了保利地产，航天科技一股不减"
"1.0","今天抄底时机到，买"
"0.0","昨天北上资金流出15亿！"
"0.0","操蛋了"
"1.0","出了一半，不知道做的对不对，怕踏空。"
"1.0","再抄底"
"0.0","怎么保利天天都是跌的，远输大盘"
"0.0","这货真是没完没了，磨人…"
"0.0","这价位狗庄出货能挣钱？"
"0.0","像死股，一动不动"
"0.0","噢!到二零二三年!共有三千万股大小非要解禁!"
"1.0","新城被搞下去了保利，你今天是不是涨停给哥乐一下"
"1.0","今天485"
"1.0","没卖的，机会又来了！收盘有低点，再接回来，没有明天再接，"
"1.0","只剩华山一条路，上"
"0.0","昨天叫大家清仓，对吗"
"0.0","就是个垃圾"
"1.0","真牛逼"
"0.0","只要所属板块红盘这垃圾庄准砸盘！！！！"
"0.0","垃圾股，垃圾透顶了"
"0.0","指数跌美的加速下跌 指数涨美的涨不上去 就是资金短缺 去拉科创企业股票了"
"0.0","入多少死多少"
"0.0","股市坑的永远是散户，等你知道消息的时候，已经是人去楼空的时候啦"
"1.0","明天必有一涨"
"0.0","长春高新发展停滞不前，创新药研发泛力，见顶迹像明显，下跌似乎开始机构、外资最近大量减仓出逃"
"0.0","天天流出，已到阶段顶部"
"0.0","今天美的是把格力害了，这态势很恐怖"
"0.0","请叫我一句傻逼，当初36割肉出局，昨天55追进，就问还有谁比我操作更666？"
"1.0","这逼股是未来的茅台吗？"
"0.0","烂透顶了！"
"0.0","掉头向下 下来容易上去难"
"1.0","和格力终于同步了，牛！"
"1.0","12.69挂单 让我进去"
"0.0","被港资放弃后的美的股价会落后格力5块以上吗？？？"
"0.0","这股上涨动能严重不足，几个卖单就能把股价压下来两个点"
"0.0","上午以为要涨停下午等着跌停这就是中国股市！"
"0.0","36入手的，等到41也行啦，上下几分钱跳动，不等了，出货！"
"0.0","拉一波走人"
"1.0","买买买就行"
"0.0","出货状态不要接"
"0.0","14连跌，可以的！"
"0.0","中国垃圾股市"
"0.0","垃圾保利，这么不给力。"
"0.0","尾盘换成南京证券十个点 你一个点没有"
"0.0","怎么跌了？这是什么操作"
"0.0","早上47.51全部清仓…………"
"1.0","房地产板块该涨了，还看不出来吗明显有大资金进入！"
"0.0","港股地产涨的好好的啊 为啥A股地产 老是那么辣鸡"
"0.0","停下来容易再想涨上去就难了层层套牢票"
"1.0","这周全线飘红"
"0.0","谁能说说这货为什么砸盘？"
"0.0","明天必然跌5个点，"
"1.0","这股才是真正的价值投资，韭菜不明白，喜欢买突然拉涨停的股票，然后第二天套的死死的"
"0.0","平安千亿回购我盯着 检验流氓的时候到了"
"1.0","近期突破15块有望！"
"0.0","垃圾啊"
"1.0","没有放量猪力没有跑抱团取暖艹孽害人"
"0.0","掉链子了"
"0.0","15.21的是托单，小散真可怜……"
"1.0","这么好的业绩还能跌那里去"
"1.0","第一目标15块。哈哈"
"0.0","美的调整仍将继续"
"1.0","放量突破收14就行了，还有得涨，涨停不一定是好事"
"0.0","感觉涨不动清仓了，换了前期深圳房地产板块妖股皇庭国际说不定吃一个涨停"
"0.0","13.07我入了6500股被套牢了悲剧"
"0.0","要悬"
"1.0","感谢一直唱空的各位，你们的坚持，是高新不断创出新高的动力，今天最高价已达430，看好你们继续加油唱"
"1.0","按套内建筑面积计算应该是大利好，老百姓得到实惠，刺激了购买力！算是一种救市行为"
"0.0","感觉压盘很大，"
"1.0","今年很可能增加"
"0.0","请问你们的涨停板呢？"
"0.0","红不过2秒"
"1.0","板块净流入前三甲大金融13亿，证券10亿，房地产9亿"
"1.0","45.55全仓杀入，今天吃肉"
"1.0","保利只要一到12左右就可以大胆买入，持有他专门用来打新的"
"1.0","坐得一波行情"
"1.0","现在不买更待何时"
"1.0","再不买，就没机会上车了！"
"1.0","谢谢早上割肉的人，14.25再进场了"
"0.0","暴雷卖出"
"1.0","这才是A股负责任的上市公司，看来大股东也强烈看好公司后市。下周要开启暴涨模式了，股价破百没悬念，下周开盘就抢入，坚定持有美的集团，好公司必有好报"
"1.0","一月初就会业绩预告了！静候佳音！"
"1.0","加仓了"
"1.0","接回来一"
"0.0","飞流直下三干尺 疑是银河落九天"
"0.0","27.47了，各位接好了"
"0.0","快跌"
"0.0","保利应该随大盘调整。"
"0.0","辣鸡买进就天天跌，去尼玛的"
"0.0","保宝主力就这样冼掉一所不坚定的投资者，二天抢了-批带血的血筹。太厉害了，看星期-象饿狼一样再抢筹。"
"1.0","保利2019年年报预告后股价要突破20元"
"1.0","利好来袭，下周三连板，目标600"
"1.0","待老年痴呆、艾滋病药已公布，空间无限，只怕到时500也买不到了。1000也低了。静待消息。应该很快了。这也是主力连续拉升的原因。"
"0.0","长春高新已经透支未来百年业绩，随时崩盘，不信可以问卧底小蜗牛"
"1.0","深股通三月八日买入美的集团9243万！！！"
"1.0","涨吧虽然我爱格力长期持有，但看到早上你没涨我就买了些你，俩兄弟一起涨啊"
"0.0","你们看新闻了吗？被315曝光的上市公司几乎全部腰斩"
"0.0","这大绿棒子，破位，后面一路跌跌不停！"
"0.0","今天是市场普涨带动保利反弹的，大盘下跌呢？和上周一样一天三个点的来？"
"1.0","明天挑战49元将空头一网打尽"
"1.0","300多自作聪明T飞了天天咬牙切齿的小丑们，你们可以离开此吧了，因为你们再也没机会接回来了"
"1.0","明天起飞"
"0.0","要被格力超越了，谁在一直砸盘？？"
"1.0","闭眼杀入啦，今天是消费家电的天下！"
"0.0","可能跌到468左右"
"0.0","垃圾，还以为你多牛逼，原来是怂逼"
"1.0","涨吧美的！是家好公司。虽然不直接持有你，那是因为换成小天鹅了。"
"1.0","明天大盘必跳空高开"
"0.0","完蛋了，每天都这样，受不了"
"1.0","美的到二十均线可以任意建仓，等待上涨，估计一个礼拜左右"
"0.0","辛好大盘涨不然要跌停"
"1.0","上50毫无悬念明天"
"1.0","加仓干"
"0.0","周一开始将会连跌几天，3-15晚会同时曝光美的和小天鹅，这两家现在成一家了，针对比较明显，令股价承压，前期股价上涨，获利盘将大量出走，股价将会进入向下趋势！"
"1.0","个股涨得太凶了，实在没有合适的股可买的，还是买美的吧，买它能睡个踏实觉。"
"0.0","美的最近怎么这么肉"
"0.0","美跌感觉越来越垃圾了！"
"0.0","割不割肉啊，赔的太多，咋个割法"
"0.0","明天美的就会有个爸爸了"
"1.0","明天暴涨"
"1.0","这票周K月K很漂亮"
"0.0","没有最低，只有更低"
"1.0","不到60不退出！！"
"0.0","出研报说明还没跌够"
"1.0","逢低买入，加油"
"0.0","告诉大家保绿涨一点好走，我已空。"
"0.0","外资买这么多 股价涨不过大盘"
"0.0","融创都涨二十多个点了 保利这垃圾是要倒闭了吗"
"0.0","看地产板块涨幅再看看这垃圾？！"
"0.0","315一播起码十个跌停，快跑吧"
"1.0","目前房地产版块已经到了历史最低估值了，大部分房企的估值已经比2013年最低估值还低了，我认为具备了一定的投资价值，"
"1.0","总是在大盘下跌的时候力挽狂澜"
"0.0","看谁跑的快！！！！"
"1.0","一阴之后有三阳"
"0.0","保绿地产"
"0.0","真的是和格力过不去啊，硬生生的把格力拉下来了"
"1.0","明天扬起起航的风帆，乘风破浪向前"
"0.0","感觉跌得还是不够透。什么时候到处都是嗷嗷叫的，什么时候就是跌透了"
"1.0","早迟都要暴涨！"
"0.0","价值投资在A股熄火了"
"1.0","完美碾压格力 美的资金活跃些 拉得快 跌的也快 格力虽说资金流入大但是拉升的慢 跌的也慢"
"1.0","还是美的坚挺"
"0.0","494元将是长春高新的宇宙大顶，世纪之套不亚于零七年48元的中石油！$中国石油(SH601857)$"
"1.0","加油今天终于看到了主力的威武身影，主力辛苦了。"
"0.0","都走吧，让这砸盘的自己卖自己买吧"
"0.0","保利地产原来是大辣鸡股。"
"0.0","长春高新40元见！世纪之套，不亚于当年48元的中石油！"
"1.0","必须冲，必须的"
"1.0","加仓20万美金"
"0.0","垃圾啊垃圾 尾盘接回来一点等审核"
"1.0","吸"
"1.0","明天大幅低开，就是满仓干白马王子的机会"
"0.0","周一我就说这周会跌得惨不忍睹，都不信，天天唱多，明后两天继续下探，410左右，然后下周开启上升修复模式，大概率到460"
"0.0","大盘要崩了，跑"
"0.0","你是这样对待股民，后面被查股票下跌全是你的错"
"0.0","不咋的"
"0.0","看着格力疯涨，觉得美的怎么也不能太差…哎，我是疯了，昨天又追了美的…"
"0.0","51.8卖的，想让我接回来，没门。"
"0.0","持美的股票一年，血肉淋淋！远离美的！"
"0.0","13.60快来接盘啊，来一个套一个"
"0.0","长春高新的收购都是噱头，最近10年难有收益"
"1.0","道路虽然曲折，年前还是要破之前的高点。 2年一换岗。 山顶的同志辛苦啦。"
"1.0","自从我卖了你就像磕了药一样"
"0.0","高开就是为了出货！"
"0.0","垃圾保利地产，迟早破产！"
"0.0","马上下来了！弱庄"
"0.0","3.15质量问题"
"0.0","跟跌不跟涨的垃圾货"
"1.0","15城人均GDP超2万美元：都市圈崛起有了强力支点2019年03月05日 09:56来源：新京报"
"0.0","美的黑天鹅"
"0.0","昨天也是小天鹅后来居上涨幅超过美的 今天又是如此"
"1.0","北上偷袭啦"
"0.0","这几天怎么回事？"
"1.0","长高站稳407就是胜利"
"0.0","去你妈的保利地产"
"1.0","最近跟我操作的都吃肉了吧"
"0.0","我已经交出筹码了，你可以起飞了，再见"
"0.0","买美的每天T，不用担心T飞，T飞的又回补了"
"1.0","保利地产酝酿一波大行情，8--9月将爆发"
"0.0","保利已成妖股！"
"1.0","保利即将启动一波反弹。"
"1.0","房住不炒，地产只买万科保利"
"0.0","卖盘特别重，买盘几乎没有，这时候突然来个几百手，马上压跌停！在别人之前卖还有可能卖出去，跌停了卖都卖不出去，抓紧时间赶紧卖吧！"
"1.0","星期一美的上涨2个点，， 格力下跌2个点"
"0.0","保利保利，怎么就不保利了呢"
"0.0","没有量啊，看到13块"
"1.0","今天会是震荡的一天，但总体应该向上不变。"
"0.0","涨一天跌七天"
"1.0","长春很少下跌5%的，今天所有的票清仓，443.03全仓5手杀入长春，期待新高。再跌就破产了。"
"1.0","今天还挺给力，好现象"
"0.0","包你地产，你这是被地收了吗"
"0.0","加油跌，马上就比格力低了"
"1.0","还有半仓可加 明天低开让我进"
"1.0","昨天成交28亿，今天成交26亿，两天总共54亿。我不敢鄙视这接盘54亿的这些人，更没资格说他们是sb，我只只知道他们风风火火地跑步进来是为了赚钱的。这就够了。"
"1.0","猪力是想跑，跑不了"
"1.0","国盛证券称，生长激素潜在市场空间1037亿元。"
"1.0","买少了"
"1.0","47.5补1200股 47.01补了400股明天吃肉"
"0.0","感觉到头了"
"0.0","跌的怀疑人生了"
"1.0","今天居然放量拉升，少见啊，太阳从北边出来了"
"0.0","输给大盘的垃圾股！！"
"1.0","停"
"0.0","房价不是涨了吗，怎么你还跌"
"1.0","从目前来看，格力超越美的是指日可待。如果未来格力有68元，那么美的也有66元，耐心持股。"
"0.0","看不懂啊，烂股走了"
"0.0","兄弟们，你们心里有点数。外资只能卖不能买！！！而且又有了315点名"
"0.0","短期该离场了，随时2/300点回调"
"0.0","跑路了"
"0.0","2月1日地产股到3月25日指数涨38%，保利涨8%，真的稳如泰山！！跌如壶口啊！！"
"0.0","又站在最高处"
"0.0","快跌快跌！跳水跳水！这一波拉升就是为了出逃，几天后回头看看现在是不是高点！"
"0.0","短期见顶了！"
"0.0","回调中可再次介入 等下次跌到13元附近再介入 现以空仓观望 等待时机"
"0.0","分时走的并不咋滴，回落吧"
"0.0","你要死了"
"1.0","这股简直就是取款机！"
"0.0","房子好卖是利空，房子不好卖也是利空。"
"1.0","12.80接，多一分钱都不要"
"1.0","拿8倍市盈率高分红率稳健发展的国企央企万科保利金地招商做空的本质就是纸老虎，砸出去的筹码，短时间内必须拿回来。"
"0.0","大盘一片大好形势 你走成稀巴烂 上涨转下跌的速度快得很"
"0.0","今天美跌要跌百分之四点五以上"
"0.0","大盘要是跌了这就不得了起码5-6个点的跌"
"1.0","20线回踩开始建仓，不过还是会反复。。。慢慢加仓咯。你们这几天赚到钱了吗"
"0.0","垃圾货色露出本来面目！！！！"
"1.0","大盘如此烂，保利地产能稳住已经很不错了"
"0.0","边拉边出货，一个字跑，两个字快饱。"
"1.0","今天想涨5个点的，这里点赞"
"1.0","突破14"
"1.0","低开高走"
"0.0","这种股票不能买，没价值，该涨不涨，跌了跌死你，套住回本无望！！！"
"1.0","砸啊，12.8等你，满仓搞"
"0.0","预祝:关门大吉"
"0.0","垃圾，垃圾，垃圾，越说越垃圾"
"1.0","个别维修点的问题，会影响美的吗？"
"1.0","牛逼了，我的保"
"1.0","长期资金鼓励杀入，还要涨"
"0.0","大盘涨，你跌，大盘跌，你涨，"
"0.0","幸亏转到了海信。"
"0.0","终于打破了长春高新不大跌的神话"
"1.0","2020年一季度，千亿市值来相见！"
"0.0","我说13.15等他，那些个说我做梦的人吗，出来啊菜逼"
"1.0","今年的一次大跌!接下来就是大涨了!看看吧!"
"1.0","傻逼哥说:我就是要卖"
"1.0","必须买入，放个十年八年"
"0.0","做空成功"
"1.0","下午主力来了56元下个星期决对有，今天是最低的站稳52元"
"1.0","来来来，你们继续唱空，老子就不卖，深市的牛股就是他，没任何毛病"
"0.0","这个大垃圾可能要绿"
"0.0","垃圾上周跌了一周！这周接着跌！狗屁价值投资"
"1.0","这时候出的，可能是急着去投胎吧"
"1.0","牛市来了，敢开买起来"
"1.0","70不是梦，美的加油"
"1.0","妖股，经典慢牛，500很快见到"
"0.0","为什么跑输大盈利这么多？"
"0.0","继续跌"
"0.0","一买就跌"
"0.0","今天277家垃圾之一"
"0.0","不看好的，可以出了，还会再砸的！"
"1.0","不到500坚决不卖！"
"0.0","清仓走了！你们慢慢玩吧，外资出货是没底的"
"1.0","利好消息，保利强强联合拿下地王"
"0.0","没有只涨不跌的股票，高收益伴随高风险，长春高新也一样的。"
"0.0","垃圾加速下跌"
"0.0","486的本，我416卖了，受不了了，这个疯子"
"0.0","发了疯一样一定要压盘，你们这些卖的是不是真的脑子有病！"
"0.0","乌云盖顶，快跑"
"1.0","保宝明天破15元整数的话加速启动。带领地产股护科创板。"
"1.0","3月5日下午，美的集团与德国巴斯夫集团在美的总部签署了《美的集团有限公司与巴斯夫(中国)有限公司创新战略合作协议》，标志着双方建立了战略合作伙伴关系。"
"0.0","一解禁限售股就减持我去"
"1.0","抢了10000股"
"0.0","辣鸡呀，恒瑞，爱尔眼科，药明康德都红了！你还大绿"
"1.0","卓胜微上涨14块了，长春也该翻红了"
"1.0","探底回升，经过整理，将进入主升，目标位20元，没上车逢低上车吧！"
"1.0","加油超越茅台。"
"0.0","高开低走是成语"
"1.0","指望你拿半年度奖金"
"1.0","医药板块的龙头！必须涨停！"
"0.0","房地产被政策打压，没办法"
"0.0","真他妈垃圾！这就是垃圾央企"
"1.0","这么低的市盈率，干就行！能跌到哪里去...."
"0.0","各位相信了吗，昨晚我说了这个票有危险，看看怎么样对吧。"
"0.0","不是我唱空，我也玩了五年保利了，保利逢缺必补的，怎么跳空上去的短时间内就怎么回补下来"
"0.0","明天跌停，收盘386.08元"
"1.0","美的强。格力弱"
"0.0","快点抛美的买我们的格力啊，别坚守了"
"0.0","今年涨太多了"
"1.0","尼玛，做了个反T。真尼玛够了，想死的心也有了"
"0.0","真不愧为垃极王，地产涨3点多。你还跌舅服你。"
"1.0","长春高新进行调整，完全必要!充分的调整好!祝福长春高新!"
"1.0","今天只是小试牛刀，尾盘直线暴跌，下周开启上涨行情"
"1.0","坐等主升浪，没有高潮，坚决不走"
"0.0","空头太强大了，弱势反弹结束，晚上开启暴跌模式，可惜不能加仓了"
"0.0","不立围墙之下。"
"0.0","不要再砸了啊！！！！！"
"0.0","美的算是完了，跌停大戏即将隆重上演，2019家电行业的寒冬，天量解禁股，十个跌停都是少的，裸泳的人大家迟早会看出是那些人"
"0.0","啥意思，昨天拉根小阳线，今天就跌这么多"
"0.0","今天收盘必绿，天天这么涨，你们不怕大回调吗？见好就收多好！"
"1.0","震荡上行，14.98元，见面，不见不散"
"0.0","老二要滑到老三了"
"1.0","全仓买入，目标50"
"0.0","房地产倒数"
"0.0","什么垃圾"
"0.0","重复拉高出货，怎么死都不知道"
"0.0","维持原判，发放到400，over"
"0.0","今天只是暴跌的开始…………315的教训，慢慢适应"
"0.0","买家买低价，没想到地球上有卖越低越卖的人。"
"1.0","继续表演，就是不下车"
"0.0","现在看来，何时卖出都是对的，因为他会跌跌不休，最终跌倒200"
"1.0","全力拉升追格力"
"1.0","心态放好握紧筹码迟早吃肉。"
"1.0","前几天我让大家稳住，一时调整是为了飞的更高，都说我是拖，现在呢？打脸吗"
"1.0","今天要涨停了"
"1.0","美的反弹，立竿的榜样"
"1.0","已经买入半仓，回调继续加仓"
"0.0","上市为减持，减持为套现，套现为离场，然后秒变亿万富翁。可怜的韭菜"
"0.0","怎么回事小老弟，青岛涨的比你狠啊"
"0.0","怎么天天绿的"
"0.0","买了保利这个垃圾股，是几十万散户的悲哀！"
"0.0","拖累家电板块，产品质量也垃圾，低端货代名词"
"0.0","一天比一天垃圾"
"0.0","等小天鹅散户并进来赚完最后的差价，就踩踏你们。"
"0.0","md，一买就跌"
"0.0","一堆烂泥，贴不到墙上，黏到手上了，甩不掉了"
"1.0","又要新高了！"
"1.0","昨天讲打到5日线满仓赌保宝"
"1.0","那么好的股票，5年后，你会为自己的决定感到骄傲"
"1.0","要重组啦？明天给板一个"
"0.0","13.08清仓，4月中赚了两千不走，现在亏了6k，好在其它股赚会些，之前玩万科也是亏着出局的，唉，留意下，看什么时侯再杀入"
"1.0","马上均线上来了，带你们触摸五百，记得截图留恋"
"0.0","跌到12元入手"
"0.0","业绩确实超预期，但是股价早已经提前2个月体现了，目前高新股价不算高，但整个医药板块的泡沫已经很严重了"
"0.0","金赛的隐患是新生儿断崖式下跌，从1700万跌至1200万，那么目标人群年减少10万 ，基本与就医范围扩大化相抵。所以，未来扩展成人才是王道"
"1.0","看到这么多人恐慌我就放心了！股市终究是极少数人才能赚到钱的！长春高新股价即将反转，止跌回升"
"0.0","帅不过几秒"
"0.0","跌时比谁都快！涨一分太难了"
"0.0","保利邀你一起分红，想不分红都难，坐等分红吧，想走，门都没有"
"0.0","到14.20估计好卖了"
"0.0","黑色星期四，五，分分钟叫你做人，400以下，期待明天跌停，美股暴跌，医药谈判越来越低价"
"0.0","挂买假单真多都是诱多别上当"
"1.0","山海：部分人进进出出不如一直持有的人收益高。000661业绩超好，预计2021年业绩至少15元以上。今日大单入驻明显。建议长线持有。目标1000"
"0.0","明显是到顶了！"
"0.0","要完"
"0.0","知道你辣鸡，没想到这种做多下太无耻"
"0.0","还不如基金，衰"
"0.0","小散又准备接盘当炮灰了！！！"
"0.0","叫你们今天别买，是对的吧。又被套了多少"
"0.0","原来你真的那么垃圾.连一点起色也没有。往你为世界500强。大盘涨你就观看，大盘跌你就插水。能给点信心我们投资者吗"
"1.0","今天牛叉了"
"0.0","又有人入套了吧？"
"0.0","400等你"
"0.0","因为竞价涨停，我还冲进去。现被套，垃圾!"
"0.0","连小天鹅现在的涨幅都比你多1倍了 醒醒吧"
"0.0","腰斩了，315的噩梦来了"
"0.0","487元将是长春高新的宇宙大顶，啥时候都是卖出的机会"
"1.0","恭喜各位了，高管增持，上次增持290，涨到490，现在450增持，目标700元"
"1.0","调整结束，明天涨5点"
"0.0","感觉今天还没跌透，一般不可能大跌之后就马上反转，应该还有一跌，或再震荡一段时间。个人观点，意在交流，抛砖引玉，不喜勿喷"
"1.0","高新历来都是和大盘对着干，坐稳马上起飞"
"1.0","深股通今日净流入5954万！"
"0.0","恶心的大盘"
"1.0","这么挺……主力你是在吸筹吗？"
"0.0","保利照理讲没涨多少，不应跌这么深啊，看看是弱者恒弱啊"
"0.0","还是这句话长票千万不要持有和买入了，转向了，年底银行结账的时候到了，明年3月大家见"
"0.0","哇！跌的好爽啊，有哪个小倒霉蛋接盘了吗"
"1.0","回踩五日线，站稳十日线，进攻二十日线，稳！"
"0.0","领头羊，专砸国企，反正是国家的钱，没人心疼！"
"0.0","操"
"1.0","没买到最低，不好意思，哈哈"
"1.0","这是主力在故意打压股价，吸筹。年底预期到16"
"0.0","变态庄！大盘涨这货准砸盘"
"0.0","呸呸呸"
"1.0","冲啊"
"0.0","垃圾还得带点绿收盘"
"1.0","外资进来了"
"1.0","牛市初期，庄家砸的越狠，机会越多"
"0.0","明天继续跌，包括贵州茅台在内的机构抱团票，一直跌，持续到明年六月，这次大白马暴跌结束才迎来牛市。清仓表示赞成。"
"1.0","资金开始回流，砸不动了，砸多少外资接多少，怕了怕了"
"1.0","手里只有你和航锦科技了，继续拿着"
"0.0","股价涨资金在净流出！"
"0.0","要跌搞快跌停，mmp磨磨蹭蹭沙币狗庄"
"1.0","较上年同期相比 盈利 上升 7.95%至上升 20.91%"
"0.0","跑跑跑跑跑跑跑跑跑跑跑跑！！！！！！！！"
"0.0","别人的股市升，我们的股市跌，心情太难受了，好像被别人欺负一样。"
"1.0","明天随格力一起高开，能不能稳住不知道，今天买了明天卖有得赚的"
"1.0","别涨太快啊，这样涨我真的拿不住了呀。"
"1.0","名就之于功，功成之于谋，下蹲而为跳得更高，修心而为飞得更远，待功成名就之时，便是立于巅峰之际------写给长春高新"
"1.0","保利今天最后上车机会了"
"0.0","蓝筹股走不赢垃圾股，中国股市太难玩了。"
"1.0","每天都是新高"
"0.0","机构开始组团忽悠了"
"0.0","央企中的垃圾！"
"0.0","广州首套加六十个点，明天悬…"
"1.0","砸盘已无力，翻红拉升弹指间"
"1.0","洗洗更健康！"
"1.0","美的后面必创新高！再次善意温馨提示：闭着眼睛杀入吧！"
"1.0","长春高新2019年业绩应该在18___20亿，增长70%__100%。所以安心持有，月底上500。"
"0.0","15块合理价"
"0.0","浪费了一波地产行情"
"0.0","14.41卖的 机智。"
"1.0","大盘强势突破，看得让人目瞪口呆"
"0.0","保利最近的走势真的是太弱了 你就是有啥利空吧 我快拿不住了"
"0.0","狗日的，每次买美的都惨，哎"
"0.0","保绿"
"0.0","垃圾透顶"
"1.0","保利今天洗掉不少人！"
"0.0","不是保利不好，而是庄的操盘手太监毒。"
"0.0","长春高新会调整两天"
"0.0","今天下挫5个点"
"0.0","垃圾公司高管在减持套利"
"0.0","在大癌股，最坏的就是郭嘉队，美的管理者可以与其媲美，美的还有的跌，因为要回购"
"0.0","利好兑现，高开低走，一路下行，死死套牢！"
"1.0","不买对不起你啊 压得那么辛苦 2000股 14.01"
"0.0","美的回购期间依然会继续跌，美的集团是玩资本的高手，不把股价拉下来怎么会大笔回购呢，"
"0.0","开启做空模式了。"
"1.0","下周高开高走 ， 大盘股蓄力行情"
"0.0","美的30元以下见"
"1.0","还好这两天忍住没卖，外资还在买买买，今天港仔又买入快5亿，傻猪力你尽管跑，msci马上要提到20%了，再耐心持有一段时间"
"1.0","保利给主力玩完了，高抛低吸，主力掉了许多筹码。利用大盘洗盘，准备压盘，砸抢回血筹。是饿狼本性。每天赌T十O操作。船小调头快。铁的纪律。"
"1.0","只要发现有问题，不管多贵，父母都愿意花大费用给孩子打针。"
"1.0","区块链，当前最大的风口，前景广阔。顺利办---区块链股底部资金进场，今天洗盘，最佳买进机会！"
"1.0","A股市场最牛逼的股票000661"
"0.0","大资金拉房地产板块是最后的疯狂，小散不要去追。"
"0.0","以前此股操控大盘指数，现在就是狗屎都不如"
"0.0","今天A股大概率大幅下挫，全球都在暴跌，就你一个红？保利可能高开一点，但是也要大跌"
"1.0","保利今天外资买入1.79亿元，这是连续卖出一个月来首次大笔买入，估计想抄底了"
"0.0","垃圾时间！绿帽子戴定了狗庄"
"0.0","会不会跌停"
"0.0","下午保利辣鸡往跌停板去。就这么任性……"
"1.0","等着翻红"
"0.0","上拉是为了吸引跟风盘，只要有跟风的马上抓紧机会出货，表明这个已经是顶部位置了，跑吧！"
"0.0","顺势而为，反弹行情只卖不买是理智"
"1.0","9月10号下午5点，外汇局宣布把QFII和RQFII的投资额度取消，等于外资完全放开了，这是管理层国庆节前送给股民的厚礼，属利好，看股市明天表现了"
"0.0","利好不涨就是见顶，散户心里要有数"
"1.0","主力还不错，左右手倒 ，把股价杀到这份上，不抢筹码更待何时！"
"1.0","有大涨的征兆，反弹浪中右侧第一浪"
"1.0","短期目标价18元。坚持"
"0.0","今这垃圾没戏了！绿帽子戴定了！！"
"1.0","13元的买单在下面等着不信你不涨"
"0.0","昨天我就说了，高开一定跑！不跑的话又坐电梯下来了，明天还得跌"
"0.0","今天跌停价392.15不保证能卖的出去"
"0.0","今天主力抛了很多货"
"0.0","跌成这怂样儿，难道保利要打折亏本卖房来响应房住不炒吗？"
"1.0","明天14.4全仓"
"1.0","大庄开始拉升了_有什么利好消息?"
"0.0","又要绿了，牛逼"
"0.0","412买入418卖出，晚上吃牛排喝红酒，再加2个煎蛋"
"1.0","想想在钱越来越紧的当下为什么是定向增发？机构看好未来发展啊！"
"0.0","又往上拉一下，让散户看似是底了，可以介入了！呵呵，这操作手法！看看有多少人上当！！"
"0.0","今日开会鸡金不给小宋面子，看样孑保宝太软了"
"1.0","说调整的估计要傻眼"
"0.0","既然那么多唱多，那由我来唱空吧"
"0.0","看看万科吧，最近连续缩量上涨，保利也只是等着补跌而已，并不是抗跌"
"0.0","腰斩了"
"1.0","洗盘洗的爽，开启主拉升"
"1.0","46补400股谢了"
"1.0","下车的，不要后悔哈哈()hiahiahia"
"1.0","老司机快快来，准备上车喽"
"0.0","美的老是坑我"
"0.0","赶紧卖吧，医药行业将要为医保背锅了。"
"1.0","马上大涨"
"0.0","有多快跑多快！狗庄已经出货了！！！！！"
"1.0","还要涨到什么时候"
"0.0","三天内回到13.8！立贴为证！"
"0.0","美的真是害人不浅啊"
"0.0","保利今年的涨幅24%，比上证50还低，别跟机构占一队，不然死定。国内的机构水平很差的，他们持股基本不会跑赢大盘。"
"0.0","买啥啥被套啊"
"1.0","慢牛"
"0.0","大盘绿了！垃圾的护盘功能也废了？"
"0.0","上周12.81进了100手亏大了"
"1.0","要死捂！14.5"
"0.0","你姥姥的还一直出，你老么"
"1.0","我超，我要是有钱，我真想把这个股砸跌停，越看越气，回调在这只股上从未出现过"
"0.0","越回购股价越低，是为了回购而打压股价吗？还是港资出货了？"
"1.0","今天又吓跑了不少人，高位大跌，下午收复失地，明天又涨，可能又不少人锤心顿足。总之我不走，看主力表演，敢破位而下，再卖。"
"0.0","注意，天线又来了，保利逢天线就走！"
"0.0","昨晚出利空，今天主力特意拉红，给你们造成利空上涨的错觉，然后吸引你们进来，主力趁乱逃跑"
"0.0","真好，持股到老，养老无忧"
"0.0","别装了！绿帽子快戴上吧！"
"0.0","主力出货的手段太拙劣了"
"0.0","兄弟们哪有这么快涨停，刚发消息马上涨停重组了马上跌停呀"
"0.0","刚解套，研报就呼呼来看来要跑得快"
"0.0","迭起来，跟你吗什么似的"
"0.0","还在唱多的基本都是五毛，发一个帖子收五毛钱。"
"0.0","明天、后天这个家伙会很惨！不要说没人提醒！"
"1.0","可以买了吧，"
"1.0","汇率大涨，短期机会而已，中长期档翘翘。"
"1.0","拿稳了"
"0.0","龙头个屌"
"0.0","跑"
"0.0","美的真的是衰弱了。格力一发不可收拾啊！"
"0.0","当年超越万科的雄风不知去了那里？沦落为矮人一半。"
"0.0","股是好股 但就是不涨"
"0.0","港仔又在压盘了."
"0.0","今天都买格力去了？"
"1.0","这几年买入长春高新的人都发财了，涨幅接近30倍"
"0.0","快跑吧，跌破那么多均线，有点常识的都跑了。没有只涨不跌的股票"
"0.0","2分钟高位出货 ，真的一点都不给散户活路， 你们真行"
"1.0","红了红了，哇哈哈"
"1.0","还有两个交易日出年报，使劲跌，好让人家上车"
"1.0","漂亮的慢牛"
"0.0","拉高出货"
"1.0","想压地产 但大盘狂飙 哈哈 傻装"
"1.0","407.30价位,被机构全包了，来多少吃多少 ,哈哈……"
"0.0","跌停是不可能的，但是会分很多天慢慢跌，这就是保绿"
"0.0","保利是在搞死地产股吧，害人啊"
"0.0","周线也破，只有先离场了保存体力。等下次机会。"
"0.0","可怜稀稀拉拉的买盘！这垃圾已没救了！！！"
"0.0","macd为顶背离。可能很快跌。今日无量升，难道明日跌？"
"0.0","跌的比谁都猛！垃圾王！"
"0.0","今天是不是要期待一下6连阴！"
"1.0","那个屁人在拉，老子还没进啊"
"1.0","每次都跟着大盘走大盘也差不多该翻身了，刚刚满仓保利看好你！"
"1.0","美的今天赢格力"
"0.0","保利已被公募基金抛弃"
"1.0","保宝主力妖，要把小散全部交出手里筹码，再拉升。"
"0.0","这吧里唧唧歪歪的太多了 不会好的 坐等低价买入！"
"0.0","这货有毒，涨几天不够跌一天的"
"0.0","幸好昨天跑了，看这开盘今天要完蛋。"
"1.0","接得太高了，哎，没钱加呀"
"0.0","看看这卖盘压的，如泰山压顶"
"0.0","熊市白马股要腰斩的，"
"0.0","今天的高开低走照样套了不少人看样子明天的买点会到，先半仓10万。后面再看情况，任何时候满仓都是任性的，即使在牛市。"
"1.0","科技涨，地产股就不涨，两个板块轮流上涨，跌一下就喊雷傻逼无非空仓想吸货，怕回调可以不买，买了就等拉升，半个月出业绩，逢低可以吸纳，自己控制好仓位比啥都强"
"0.0","人民币贬值造成大量外资出逃，且国际贸易不稳定，这就是为什么白马股普遍不涨的原因。"
"1.0","453的时候没买……后悔了"
"0.0","有机构大量卖了！不看好后市！"
"1.0","太他妈神奇了，这次竟然两天大涨，害我踏空"
"1.0","越跌越买，未耒还能摸高，上班族"
"0.0","大家好，明年我在6元等你们"
"1.0","今天这是要上演王者归来吗"
"1.0","深证红有你的一份功劳！"
"1.0","主力开始关注了。。。来不及上车。？？"
"0.0","回踩43再说"
"1.0","今年上20块应该没有问题，慢慢洗吧。慢慢打压吧"
"1.0","今天本公子砸了600万在保利。今天利空落地，空头消耗殆尽，下周还有降准，估计上面还会出些利好……"
"1.0","高新就是一摇钱树"
"0.0","厚不住了"
"1.0","静静持股待涨，一涨各种唱空就出来"
"0.0","限购令引发的惨案"
"0.0","马上就戴绿帽子了"
"0.0","上次中信证券給中国人保""卖去""评估，大盘暴跌;这次社保减持交行，而且大肆宣传，大盘必跌。开盘清仓，跟着""政策""走吧。不过，社保是否转移仓位？？"
"0.0","终于给庄戴上绿帽子了"
"1.0","我怀疑在吸盘准备拉升"
"0.0","今天意不意外？竞价时是涨停，开盘了才0.9%，到现在都上扬无力，不知道今天收盘会不会翻绿呢？那才真是给了最大的惊喜！！"
"1.0","明天十点涨停"
"0.0","最高点接盘55成本"
"1.0","融资满仓买入保利地产，坚定看好，把近期亏的赚回来"
"1.0","应该不会跌，这么大的企业会因为收购而大跌吗？"
"1.0","新城控股即将涨停，赶快买进保利地产！！！！"
"0.0","翘尾 目的不就是套人吗？老一套了。"
"0.0","下周一476可以买到"
"1.0","42.00一下子8000手买入，主力放量么？"
"0.0","比狗屎还臭"
"0.0","昨天用力过猛今天严重缩肛"
"1.0","应该会有一板"
"0.0","从来跳水勇夺第一"
"1.0","目标价60"
"0.0","还不跌下来，等你看能熬多久？"
"1.0","优质产品"
"1.0","牛市来了。冲啊"
"0.0","这货姚完犊子"
"0.0","低开低走"
"1.0","保宝太厉害，主业房地产，付业军工，及酒，部隊造房子离开保宝，星期一顶上16元，走独立行情。"
"0.0","垃圾又会冲高回落！狗庄惯用伎俩！！！"
"1.0","四百元仍可满仓，明年一千元，眼光放远"
"0.0","几个跌停"
"1.0","哎，38.75就卖了。"
"0.0","哎 又大幅折价大宗交易 只是买卖双方换人了"
"0.0","三十多个自选股，只有保利地产和万科A是绿的。"
"0.0","诱多，诱多，又是诱多，短期难上涨，现在不走，后面怕是没机会了？"
"0.0","小菜鸡"
"0.0","废物！！"
"0.0","你们都在喊涨，那就悬了……"
"0.0","还差几分钱美的格力股价重合 之后美的想再追格力就有点有气无力了"
"1.0","降息对地产股有利。"
"1.0","还是你好，不走了"
"1.0","还是你最萌抗压"
"0.0","垃圾美的"
"0.0","机构太无耻了。。"
"0.0","各种利空就是不跌，高位出货，今天开启补跌模式，10元见"
"0.0","又被套了"
"0.0","本周讲了，此B股盘中诱多，说明要开始跌了，有相信的吗？下午赶紧先跑再说，还有得跌"
"0.0","辣鸡！"
"0.0","真是让众人开了眼界，熊股果然是熊股，蓝筹里面最垃圾的，前几天加仓部分已卖"
"0.0","明天危险。完了"
"1.0","猪力还在里面，三档上万手没有出来等待艹孽猪力跑跟着跑按兵不动"
"0.0","主力边打边撤了"
"0.0","这价还砸？连12元也无法过，大A2019又是烂市了。"
"1.0","等企稳再买，我不怕追高"
"1.0","社融数据超预期，利好银行，也利好地产。保利地产做为地产股龙头之一应该会有表现。"
"0.0","尾盘竞价不回落几分（竞价时指数是上涨的） 都不是你的风格"
"0.0","今天居然要暴跌，过年要用钱的多哦。"
"1.0","卖房卖车卖地卖血十倍杠杆满仓抄底$长春高新(SZ000661)$股价一年超茅台！"
"1.0","昆明房价每个月以20%上涨速度，万科，绿地，金地，金科，华远，保利你们收入这是要炸锅"
"0.0","别的股票都涨了好多，这垃圾。。。"
"1.0","下午拉起来喽"
"0.0","还敢买？"
"1.0","美的可能要涨停"
"0.0","只要板块红盘、这孙子庄准砸盘！！！！"
"1.0","外资买买买 买不到了，国内傻叉，卖卖卖！"
"1.0","下午通通给我红回来"
"1.0","保利今天收盘能涨八个点吗"
"0.0","今日小雪，高价雪崩！"
"0.0","等调整结束再买，现在只能卖不能买。"
"1.0","港资持股超过500万股了，真是逆世买进吗？"
"0.0","美的要放巨量暴跌了！"
"1.0","感谢保利大哥作为这一波的龙头带领房地产的大涨，很开心。虽然我重仓的房地产并非保利，但是这一波我的收益也很大。"
"0.0","年前没动作了！狗庄故意打压不给涨！逼韭菜们年前割肉变现过年。。[无语][无语][无语][无语]"
"0.0","利好出货，辣鸡"
"1.0","前几天看外围暴跌，一直担忧我们也会受影响，但是看看这几天港股地产股的表现可以把悬着的心放下，不奢求节后保利能有多好表现，不要大跌就行了"
"1.0","今天平开，看来是好事，"
"0.0","破位了"
"0.0","能看出什么问题来吗？ 太明显了！ 又要跌一周了！"
"0.0","昨天高点出了，真机智"
"0.0","13.4的本，看不到希望"
"1.0","我已经买入补仓了"
"0.0","高度控盘，主力贪心的拉上这么高，发现并没有谁接，每天只好倒到手，正常价格330~350之间，整个医药板块已经严重泡沫化。高新的散户都是老油条不见兔子不撒鹰"
"1.0","这畜生还要堆多少筹码压盘吓人？！！！！"
"1.0","直奔800牛了逼了@十倍股巡视员@隐雪浩天"
"0.0","马上要被格力赶超了"
"1.0","刚卖就涨"
"0.0","这垃圾跌幅地产板块倒数第三！狗屎央企！！！"
"0.0","美的回购、并购都没有错，只是生不逢时罢了！回购金额虽然拔了头筹，但没有达到相应的效果；并购时间选的不对，目前应该以稳字当头。"
"0.0","额 高开低走…"
"0.0","狗庄家建议洗到最后这支股票只剩你一个活宝。"
"0.0","真稀生命，远离美的~"
"0.0","震荡出货，然后下跌"
"0.0","鸡狗是神经疬！"
"1.0","下周看空的我可以理解，但是出货是什么鬼？我觉得是没见过世面吧，去看看高位趋势股今天跌的不凶吗？茅台，圣邦，卓胜微不看的嘛？下周必破500"
"1.0","昨天都让大伙看数据了，现在傻眼了吧！赶紧抢筹，这么多爆雷岀现，已促使市场回归价值投资了！等着年后看美的创新高吧！"
"0.0","赶紧卖了去买三一吧，感觉三一今年会到20去！"
"0.0","抛抛抛抛抛抛"
"1.0","为什么雄起了"
"1.0","赌的漂亮，保宝，节前满仓赌"
"0.0","垃圾美的，还好早上一开盘就跑了"
"1.0","真正的引领大盘翻红的就是长春高新！芝麻开花节节高！"
"0.0","保利在期货做空？拼命杂牌？"
"0.0","现在买内房股没用，不要想着保利明天涨起来，我等保利跌下来10元"
"1.0","美的走势健康、表里如一。这才是美的真正的价值"
"1.0","美的美的，真的牛逼"
"0.0","获利筹码比例太高了"
"0.0","今天买保利的也算踩雷了，因为明天谁也不会留这垃圾，一扣税20%、好歹不用抢着挂跌停，也算安慰了"
"1.0","去年四季度净利22.8亿，今年四季度中位数24亿，同比增长5.26%!"
"0.0","卧槽"
"1.0","明年上800，后年超茅台。"
"1.0","香港地产股再度爆涨，下周看地产股了"
"0.0","房地产股涨，保利大跌；房地产股跌，它暴跌！保利真烂，垃圾，亏本卖了，认栽！"
"1.0","2020有可能冲击上千"
"0.0","十天有九天王八绿！！！真服这狗庄了！！！"
"0.0","继续跌，蓝筹白马通通跌，板块集体行动。"
"0.0","长一点，掉这么多？看来4浪开始了"
"1.0","今天短暂回调后会冲到15.99"
"0.0","即使新机构要做也要继续打压、洗盘，时间漫长。不再考虑这股了。"
"0.0","蓝筹，分明就是烂"
"0.0","唱多的都是一群狗托！！！！！"
"0.0","你可以下来了辣鸡美的板块都涨不赢"
"0.0","没得玩"
"0.0","55.55卖掉，54.05接回来，还以为做了个完美的T，结果悲剧了。"
"0.0","小天鹅最近的走势都比你稍强 一拉就上去 你是指数拉升 你就原地踏步或者回落 指数一回落 你就加速下跌 和昨天一样的套路拉高出货 再下砸"
"0.0","护盘精神去哪了"
"1.0","难道，上层要美的收下格力？美的雄起？"
"0.0","扶不起的阿斗"
"0.0","第一次买就套五个点 美团你牛"
"0.0","垃圾保利地产[便便][便便][便便]"
"1.0","昨天杀跌，尾盘补仓了，尽管今天更适合建仓，但是这支股票值得长期持有，穿越牛熊"
"0.0","日了狗 了"
"1.0","居然没有跌就开盘了，今天有戏"
"0.0","空方真狠！"
"1.0","厉害了，保利"
"0.0","两个多月的守候了，坑货一枚"
"1.0","看看蛇口季报-38，金地 5%，保利还是很优秀"
"0.0","看这几天的走势应该是短期到顶了。"
"0.0","富时中国A50指数期货开盘跌0.59%。"
"0.0","日了狗"
"1.0","你大爷还是你大爷啊。威武霸气"
"0.0","太弱了，赶快跑路"
"0.0","垃圾砸盘总是冲在第一个！！！！"
"1.0","又往上面冲了"
"0.0","脑子不能热，帮你们想想。。。该卖仓位了，明天我一定卖。。。赚了1万2我是想怎样？一开仓就完成我之前半个月都达不到的业绩"
"1.0","别装了，赶紧回480吧，鼻喷公布500，并表估值切换明年12.5x45=560"
"0.0","收盘价14.8以下"
"1.0","435应该是今天最后上车的机会，我们散户赚钱不容易"
"0.0","这个月跌的股票三千多只里面最多不超过十支 其中就有万科和保利 天天砸盘 大盘拉也不动"
"1.0","银行股的下跌，就是地产腾飞之时"
"0.0","距离最近一次高点40.12到今天36.20跌了3.92元，既9.77%。"
"0.0","大资金成功出逃，没人性！"
"0.0","真是个垃圾！涨一天跌三天的废物"
"1.0","上海证券报　易纲：以改革促实际利率降低 存准率下调仍有空间2019年03月11日 06:29来源：上海证券报"
"0.0","怎么上去，怎么下来吧！"
"0.0","怎么会这么垃圾"
"1.0","已经半仓保利了，随你们如何叫空，反正不盈利不就走"
"0.0","撤了撤了，买点宁波水表蹲着"
"0.0","不要报着会翻红的希望！"
"0.0","家电和白酒一比就是渣"
"0.0","明天开盘就卖，希望有机会。预计明天继续低开低走。"
"0.0","美的产品的服务态度太差了，我的电饭煲报修下单等了3天没还没着落。"
"0.0","垮方了 一泻千里"
"0.0","垃圾股，严重浪费行情"
"0.0","美的49元x1.1158十4=58.67所以说，，现在美的想上涨，，，难，，"
"0.0","垃圾时间"
"1.0","早上被洗出来了，可恶，心疼"
"1.0","保利这波没涨 业绩又好 再跌我只会买不会卖的"
"0.0","哎，割肉走了，，"
"0.0","这是奔120线去了，赶紧割肉，减少亏损。减"
"1.0","很有可能要降息了，还卖tmd是傻子。"
"0.0","必须的暴跌到了！！保利玩蛋蛋"
"1.0","快买，外资都在抢"
"0.0","48.34走了，不玩了"
"1.0","应该反弹了吧，"
"0.0","什么垃圾玩意儿啊？"
"1.0","到500"
"1.0","家电一哥就是有魄力"
"0.0","15.94，走了一半。、、。、应该全走的，哎。。。"
"0.0","以后都没有机会超过格力"
"0.0","留你简直是浪费行情"
"0.0","说这么多没用的 还不如再找一只好股票"
"0.0","资金流出的真实恐怖"
"1.0","保利地产这波行情不止17.84元那么简单。"
"1.0","美的你就买，库卡爆发，就是无敌。"
"1.0","美的集团未收到证监会问询函。吵着要做空、腰斩、清仓的，维修美的突然被斩的，买到美的产品经常坏的，臆想外资撤出的…等等故作惊慌的人物，你们可以睡个安稳觉了！"
"1.0","买房地产股和黄金股过节，会带来好运气，其乐融融越跌越买"
"1.0","保定,盘面看洗盘，明天15，50元不破肯定漲2%~3%。主力饿狼本性没改。看主力表演。"
"1.0","格力牛逼啊，美的喝汤"
"0.0","垃圾开始阴跌之旅"
"0.0","上午吧里安静了许多"
"0.0","连地产板块的涨幅都追不上！狗屁央企！！！"
"0.0","1、财产(住房)征收遗产税50-80%；2、资产(股票)免征收遗产税。若此，炒房全无、股市必牛！"
"1.0","牛逼了"
"0.0","TMD"
"0.0","庄家压着"
"0.0","绿色"
"0.0","高价股这几天恐怕不会有好的收获！"
"0.0","外资清仓式减持，我三天前就说了，怎么没人信？315是白上的吗"
"1.0","暴利地产，即将暴力拉升。"
"1.0","上车的朋友请站稳扶牢。"
"0.0","尾盘15分钟像狗屎一样 好不容易拉1%就下砸"
"1.0","跌不下去了，现在买点看看先。"
"0.0","拉高出货 早上追了吗"
"0.0","回购了，没人拉了！"
"0.0","抛压严重果断先撤了。。。毕竟落袋为安。我就是这么容易被洗！！！！就挣了3万，剩下的你们吃吧。"
"1.0","耐心点下午会红的"
"0.0","库卡业绩下滑80％，入股华录百纳亏得太多转型困难重重"
"1.0","背驰化解了"
"0.0","外资无限出货中……40元一个月之内就能到，我在38元等你"
"1.0","市场前景看好"
"1.0","渐人佳境，嫦娥奔月。"
"1.0","长髙将成中国第一只千元股"
"0.0","太弱444好长时间折腾"
"0.0","大盘绿了快拉"
"0.0","恐怖的带量采购害怕"
"0.0","庄的货还没出完吧，这种趋势，显然不是抗跌。"
"1.0","在众人质疑和犹豫中奔500去了。"
"0.0","三元差距还有三毛 辣鸡啊"
"0.0","真的要建议美的不要费神回购自家股票了，同样花钱为啥不将格力的15%股份揽入怀中呢？一举两得的好事不做，真傻。"
"1.0","一跌啥猜测都有，这价有啥好割肉的"
"0.0","TMD，天天折价卖出，你ND疯了么"
"0.0","今13.5就是顶了！"
"1.0","与饿狼共舞，保宝满仓不怕，不过15元之前高抛低吸。过15元后，看他们表演，不动为好。"
"0.0","不该进来的浪费行情"
"1.0","这个票质地不错阔以阔以精选了"
"1.0","百克生物,华康药业都可能登录科创版。到时候小新将迈进万亿之巅。百倍空间。"
"0.0","这股真是太怂了热点没在这"
"1.0","下午15，50元对倒抢等，太漂亮。饿狼本性看他表演"
"0.0","冲高回落，不好！下午要跌，赶紧卖"
"1.0","早上跌成这样还么涨，港资厉害啊。"
"0.0","明天高开，快点撤离"
"1.0","预测一波，下周一早盘下探410，尾盘拉起，然后开启上涨之路，大概率到460。"
"0.0","必破13"
"1.0","短线说不准长线来说，美的一定会创新高。"
"0.0","我只想知道是哪个出的预案55以下回购的？大盘的基本形势都看不懂？"
"1.0","感觉庄家在故意磨盘子 都不要抛了 压着不涨 在收集筹码"
"0.0","美的垃圾 拖累家电"
"1.0","银行地产该干活了，等你们带领大盘上2800"
"0.0","36.8拉一波然后继续跌？"
"0.0","大厦将倾独木难支，主力资金大规模流出，还有很多没有出完，还是等着"
"0.0","14块85砸下来这么长的上影线。明显是卖岀来的压力线。好股票也是有回调时。等调下来再买"
"1.0","一个个都是傻子，不跌怎么涨？一路涨上天？跌到12我加到半仓！"
"1.0","美的海尔格力中国三大家电巨头，在全球的地位无人撼动，三大家电产品超过50%以上出口了啊，随着消费升级，智能化网络化的到来前景看好，长线投资。"
"1.0","还跑，去买垃圾去吧"
"1.0","国庆行情不会缺席。"
"0.0","抛单太多，上攻无力，今天没戏"
"0.0","又发套"
"0.0","跌到250再看看是否加仓。"
"0.0","进入下跌通道，沽清"
"1.0","大家抓紧抄底，下周上500"
"0.0","说你什么好"
"0.0","垃圾，早日倒闭！"
"1.0","美的，美美的。虽然产品不咋的。"
"0.0","保利成了臭狗屎了"
"1.0","港资昨日狂买2.95亿，持仓超过380万股"
"1.0","有钱速度买， ，有格力顶着，， 美的等下就拉红了，"
"1.0","熬许久前几天卖了！你今天涨了4.2，臭美"
"0.0","要跌停了"
"0.0","跑跑跑跑！！！！！！！！！"
"0.0","小垃圾"
"1.0","美的有价值投资"
"1.0","保利地产再怎么折腾股价也不会低于13.45元，因为这是机构的建仓价。"
"0.0","最后还是绿了，不争气的东西"
"0.0","今天进，就是拿套"
"0.0","像极了洗牌"
"0.0","下降通道"
"0.0","今天只剩最后一个迷底了：会否跌停。"
"1.0","快买呀，五分钟以后必红"
"0.0","重组完了，利好出尽，不要像中车就行了"
"0.0","空仓看暴跌，心里十分爽，但愿多来几个。等到2600继续炒"
"1.0","该骂得骂，该持有继续持有，该加仓继续加仓。"
"0.0","美的集团的商誉地雷等待爆发"
"0.0","主力你他妈醒醒把垃圾"
"0.0","丑股多作怪"
"0.0","哎呀。。。。。。不该追高买的"
"1.0","今天早盘拉升，然后震荡回吐，明天还有高点，个人意淫"
"0.0","全部是跑路资金"
"1.0","加油创新高"
"0.0","通产丽星，世界科创龙头…美的，垃圾股"
"0.0","亏死套住了"
"0.0","你们还好吧？"
"1.0","左手茅台，右手高新，混搭恒瑞，躺着赚钱"
"1.0","格力到现在发帖时候，成交量快100亿了，，美的是5亿，，，所以我判断美的会继续上涨，，，时间不好确定，，我希望是等小天鹅现金分红以后，，和美的合并后"
"0.0","特他妈垃圾了"
"0.0","kutu巨款收购，然后巨亏，裁员关厂，撑不下去了。美的帝国也摇摇欲坠了，还是买格力吧"
"0.0","狗日的"
"1.0","尾盘强力拉红"
"1.0","感谢美的让我解套"
"1.0","快点超越金地的，我们保利才是最强的"
"1.0","地产要启动了 狂拉大盘"
"0.0","被狂虐，md"
"1.0","感觉今年能到600"
"1.0","艹，外资又买入了，就不能等它再跌点在买。我还想捡更便宜的筹码"
"0.0","明天看跌"
"0.0","这个下行通道有点恐怖啊"
"1.0","保利缩量5天下跌，今天就是时机了，但还是不要满仓，心态别炸，今天我已经进半仓了，陪你们。。做个小波段5个点。。。"
"1.0","震荡上行"
"1.0","周五打下来就是为了上车吧，美的最近都没涨，会反弹吧"
"1.0","趋势股，回调了这么多天，还站稳了60天线，再不上车都是傻子"
"0.0","保利真恶心 没怎么涨 跌的挺快"
"0.0","5个点差不多了，别再忽悠5个点以上追进了"
"0.0","血淋淋的杀跌马上开始了。毕竟不是牛市，反弹也相当厉害了。"
"0.0","快跑！不然又被套在高位站岗了"
"1.0","今天高开，大家还是看好美的集团，坚定持有"
"0.0","不涨停也罢了，不管怎么说也不能绿啊！"
"0.0","格力妈妈…………美的妹妹……………"
"0.0","13.06出了一半，现在后悔没出完，果然不能太贪"
"1.0","告诉你们别卖！！！啥雕了吧？？？？"
"0.0","不要以为美的有真正的机器人技术，库卡还存在很大政治风险，更不要说合资公司。"
"0.0","继续跌，以后不要追就行了"
"1.0","不到1000不放手"
"0.0","等一回大盘跌起这垃圾比谁都跌得快"
"0.0","热切期待长春高新管理层继续增持啊"
"0.0","我舅舅说还会跌。这几天休息。270左右买。我还是担心到350."
"1.0","融资端各种打压！最后还是有利国企！慢慢来吧，a股就看保利和万科了！私企地产少看，供给侧完了活的最好的还是国企！白酒，钢铁，煤炭！"
"1.0","跟我抄底的朋友舒服吗？开心吗"
"0.0","这唱多的你们相信吗？人要有基本的良心！"
"1.0","明天大涨了，短期目标起码19"
"0.0","机构跑了"
"0.0","真坑人"
"0.0","明明在出货还在装逼"
"0.0","受不了了"
"0.0","今天抄地产有的哭了，跌到你怀疑人生为止"
"1.0","房子没人买，地产股票必须吵起来！不然地产公司挡不住的。大家安心买买买！！！"
"0.0","大盘猛拉，美的跟了一点，但调整趋势不改"
"1.0","加大力度买进。。。。。。。。。。。。。。。。呵呵"
"0.0","庄想当小三"
"0.0","做空的就是厉害"
"0.0","早盘就觉得不对劲，真是久违了，这挤泡沫的感觉还是很爽的"
"1.0","买买买明天轮到地产股拉升"
"0.0","我恐高，跑了"
"0.0","55的回购价在那放着，涨了也要给压回来，太坏了"
"0.0","到处都是坑。"
"1.0","回购股价越高越好，拉起来"
"1.0","买了200股，期待明天涨"
"0.0","不容易啊，终于大跌了"
"0.0","我说今天行情这么好，还打压股价，原来是大股东没法抛售了，质押了"
"0.0","现在手里没有一只垃圾股，看见股友都不好意思打招呼！！！"
"0.0","弱鸡"
"1.0","抱着高新来过年"
"1.0","长线持有"
"0.0","刚又被套了不少人吧，这垃圾又成功套入一批。马上又要跌了。"
"0.0","投资不山海关，价高分红低"
"0.0","跑跑跑跑"
"1.0","不要再卖了啊！"
"1.0","跟着北上资金吃肉"
"0.0","今天估计要跌回解放前。"
"0.0","别的地产股都在拉伸了，就你垃圾还在使劲跌"
"0.0","危如垒卵"
"0.0","估计怎么也得破下一前期底部，希望捡回低位筹码"
"0.0","下午危险"
"0.0","还不跌？？还在诱？？不会接盘的，你放心好了。"
"1.0","恭喜今天所有买进的朋友，此股明天要大涨"
"0.0","6月20号有限售股解禁，不敢涨啊，大家都去看看限售股多钱进的"
"0.0","哎，真是惨，我买什么跌什么，又要被套了"
"1.0","大家闭着眼睛杀入啦，都说美的会创新高的了！"
"1.0","感觉明天美的、格力等有大阳甚至打板了，券商、银行等涨得可以了，大资金肯定会往大容量的美的与格力等绩优而且涨幅不大的大蓝筹了。"
"0.0","去豕吧"
"0.0","把狗庄干死"
"0.0","明天跌停，收盘401.39元！"
"0.0","散户永远是高位接货"
"0.0","走了，明年3月再看"
"0.0","美的走势真是太弱了"
"0.0","此股破位，为什么？"
"1.0","买入信号来了"
"0.0","劳资割肉走了，你牛逼，还是炒房地产的牛逼 小散想赚你们的钱不可能。"
"0.0","卖单源源不断！ 　呵呵呵呵呵！ 　真不是一般的弱！"
"1.0","13.47半仓进入"
"0.0","说好的回购你到是回啊！垃圾！不要总提大族激光，人家是逆势大涨！再看看你，烂泥一摊！不说你两句，你就硬不起来啊！"
"0.0","到底是谁！？你妈的一定要压盘"
"1.0","今天大族激光红，我赌美的星期一也会红，"
"0.0","板块都下跌！这孙子也不护盘了？！"
"1.0","本公子要为国出力，满仓"
"0.0","小心诱高，看下午收盘"
"0.0","今天一定要稳住，改天大盘暴力反弹，这股就开始猛烈砸盘"
"0.0","黑心保利，卖不出去了…"
"0.0","追高被套长春高新我记住你了 浪费我四万多今天的行情"
"0.0","呵呵了"
"0.0","医药股资金持续流出北上资金抛售龙头股"
"1.0","利空出尽日，股价爆发时！"
"0.0","一锅端下午翻绿"
"0.0","真他妈是个衰庄！！！！"
"0.0","利好利空都分不清，这是高价并购夕阳产业。"
"0.0","要调整了。"
"1.0","目前价位区间，此股半年成交上千亿，京东方都涨了60%，此股才15%，还有什么理由不持股。"
"0.0","抛了保利，进了中南建设"
"1.0","好吧 都不要了 我就买点吧"
"0.0","严重落后大盘，跟不上大盘，真让人失望"
"0.0","准备砸下来给社保基金进场吗？看K线图感觉做波段的话很赚钱啊，一浪接一浪的"
"1.0","不出意外美的想收红盘至少到下周四"
"0.0","美的你真是个垃圾哦"
"0.0","砸吧使劲砸"
"0.0","现在进是挨套了么。"
"0.0","“房子是用来租的 不是用来炒的”, 地产股涨不了。"
"0.0","这操盘的早上吃屎了这么砸盘！"
"0.0","狗庄向来都是大盘高开它砸盘"
"1.0","满仓买入美的"
"0.0","太废物了，一点动静也没有"
"1.0","北上资金大举买进长春高新可能与即将开始的股票期权交易有关"
"0.0","垃圾收盘站不上15"
"0.0","房地产税法，今天地产股大概率迎来暴跌？"
"0.0","啊，啊，啊~，妈妈呀，真疼"
"0.0","48都站不牢"
"0.0","还想重回地产三甲，简直作梦，优绩垃圾股价"
"0.0","退出保利，十四元进来的，T到十二块六只用了一星期，才挣这点，"
"1.0","稳了，收割一波红利，洗盘完毕，开始暴涨"
"0.0","好的破了3200了，你们好自为之我的股全出了"
"1.0","准备下周12.5元补仓"
"0.0","刚才是被大盘逼着涨，下午大盘绿了，这货起码要跌3个点"
"1.0","上行通道。。。14.5左右有一定压力 能否突然有待观察"
"1.0","今天再不涨2个点以上说不过去了"
"1.0","保利可以放心买入持股"
"0.0","蹩脚"
"1.0","外资在疯狂的买进"
"0.0","一夸就完犊子，怂"
"0.0","6月买的美的涨到43卖的，血亏。"
"0.0","医保谈判品种导致价格雪崩"
"0.0","上面一堆压盘筹码！傻散又准备接盘当炮灰了！"
"1.0","看似一家房企，却是背景了得。大盘如此震荡，此股稳当如山。让人眼睛一亮。中报机构成堆，业绩增长，后市理应看好。"
"1.0","明天站上15了"
"0.0","下午就要开始跌了，趁红盘赶紧卖吧"
"1.0","长春高新是稳稳的站在目前这个位子上了!已经上上大吉了!"
"1.0","涨跌都是几毛钱，懒得看，就一直放着了，然后放到自选股的最底下，每天看不见，看不见。。。"
"0.0","494元将是长春高新的宇宙大顶，相当于48元的中石油"
"0.0","每年会有两次好机会买白马股，现在不是好时候，一是大盘准备下来了，肯定泥沙俱下；二是假如上涨，也好不到哪去了"
"0.0","美跌天天看格力绿色"
"1.0","这根阳线打蒙了很多人"
"0.0","快跑，下午下跌"
"0.0","全卖了"
"0.0","今天会被这波爆拉骗进去"
"1.0","未来一周会涨"
"0.0","均价线也上不去，今天就这样了。。。散场"
"1.0","外资不买内资买，别人不买俺来买，只要有投资价值，不愁没人要！"
"0.0","美的真的越来越恶心了 扔！一了百了！"
"1.0","明天上40，GOGOGO........."
"1.0","再接了1200股"
"0.0","开始拉高出货了！傻散又准备高位当接盘侠了！"
"0.0","8块可以进"
"1.0","4月1日，涨停"
"1.0","准备起飞"
"1.0","今天又T了一下，以不掉筹码为原则"
"1.0","国信证券:给予保利地产“买入”评级"
"0.0","兄弟们，快撤！伤不起呀！"
"1.0","市场老二的地位坐实了，牛！"
"1.0","追高"
"0.0","13.55清倉走人了祝各位好運"
"0.0","这个绝对不是地产股"
"0.0","毫无底线的垃圾"
"1.0","五粮液格力美的三月份跨过前期高点。五粮液格力美的三月份跨过前期高点。五粮液格力美的三月份跨过前期高点。欢迎参与讨论"
"0.0","减持那么多，回购那么点，还好意思说树立A股回购新标杆，真是厚颜"
"0.0","美的拿股民的钱给员工发工资发股了！真是好公司"
"0.0","跟海康威视差距越来越大了！"
"0.0","大跌开始啦！"
"0.0","长票120分钟MACD死叉向下，所以千万不要买追"
"0.0","高价股又杀跌？？"
"1.0","保利今年一季报会增加多少。看今天挺强势的，明天收盘之后就出报表了。"
"1.0","高管增持，大大利好，目标700，上车上车。"
"0.0","今天拉高就出，别留，亏一两个点小事"
"1.0","董事长是马骥，正所谓，老骥伏枥，志在千里，看上千元"
"0.0","给力点，继续砸"
"0.0","摩擦摩擦，魔鬼的步伐。。。"
"1.0","美的追上格力是迟早的事，耐心等待！"
"0.0","吹捧的人哪去了？"
"0.0","我抛了 你涨阿 把我坑的裤衩破了都没钱买了，"
"0.0","流出1亿多"
"0.0","跌跌不休！直奔十元！"
"0.0","今天明天大盘必有一次大回调"
"1.0","有可能上650元"
"1.0","速度买入，马上涨停"
"1.0","今天卖了的，近期买不回了"
"0.0","为什么跌得这么多呀，业绩好的坏的都跌太没道理了。"
"0.0","又他妈的得一个月才能爬起来。"
"0.0","为啥还跌啊，完了，崩盘"
"1.0","准备翻红了"
"1.0","重大利好我感觉要涨到50元上方进行回购"
"1.0","前几天13.16卖掉后，上周五12.71买回来了，保利只能这样玩，今天29号特朗普公布不征3500亿美元的关税，周一应该会涨"
"0.0","估计要到13.30才会向上走"
"1.0","这业绩，今年40倍PE，马上返年就是业绩重估，看看爱尔眼科，通策医疗，恒瑞医药，80倍PE，明年又是妥妥的翻倍机会"
"1.0","429买入"
"1.0","今天5个点的大阳突破"
"0.0","这固股风险大，安科生物后来居上。"
"0.0","自选股里面就你一只绿油油，你真他妈优秀"
"1.0","大家稳住，董事长都是450增持的，主力在砸盘，让你们交出带血的筹码"
"0.0","高管增持是幌子"
"0.0","小心点吧。 负债1400亿。现金资产500亿。财务费用负2亿。 真的吗？难道他在放高利贷。 能拿到银行利率的3倍利息"
"0.0","美跌每天上午硬棒棒的，完事就软绵绵的了！"
"0.0","难道要破400后寻底？"
"0.0","五日线都站不稳，看戏吧"
"0.0","辣鸡票，再也不买了，每次买每次赔，大家看下这垃圾吧，没有涨幅特别大的，想要赚钱的别玩这个了"
"1.0","这阳线又大又长"
"0.0","今天跌停价413.3元，不保证能卖的出去"
"0.0","快跑庄家出货了"
"1.0","尾盘买进地产就等着涨吧，金融股只要暴跌，就是地产股拉升时"
"1.0","加仓良机！"
"0.0","不怕死的尽管来吧"
"0.0","明天低开买进！"
"1.0","价值投资者应该很开心对于保利大跌 这么便宜的筹码还不抢等啥时候抢 看看保利等月线 去年大盘连续大跌保利在底部洗盘洗了半年 这波洗盘将是最后的上车机会 拭目以待"
"0.0","三根天线了，自求多福吧！"
"1.0","等着周K线120线托起K线就是买点"
"1.0","还好上周加了，没加的朋友们还好吗？"
"0.0","再砸3个点，应该有回购吧"
"1.0","今天这波快速下杀，也没量，看来大家还是很珍惜筹码的"
"0.0","庄家太坏"
"0.0","明天格力一个涨停，股价就甩美的几条街。TMD，天天高开插水。"
"0.0","要套的赶紧买"
"1.0","论保利：昨天平安银行再创历史新高！保利地产再创年内新高！"
"0.0","哦豁，今天走势牙刷，看来是要调整了。"
"1.0","明天保利高开高走冲去前期高点14.85元。"
"0.0","害人精！"
"1.0","站上52.56，收个光头就完美了"
"0.0","在普涨行情下，如果涨幅小于大盘，我立马将它移到劣质股目录中，今天保利已进去了，从自选股名单中删除了！移入劣质股名单！"
"0.0","最后的疯狂马上下来不要买"
"0.0","搅屎棍又出来打压了！"
"0.0","美的和格力今年走势远远落后大盘了，看来今年的所谓牛市又要割一大批韭菜啦！大家看见垃圾股涨的厉害人人跑步买入，到时一调整价值回归就会很猛烈！"
"1.0","从趋势技术分析角度，长春高新会反弹了"
"0.0","跌成猪"
"1.0","业绩大增"
"1.0","庄稼压盘，赶散户，坐等拉升，高抛低吸调底价"
"0.0","狗东西今天竟然敢翻肚子。"
"0.0","跌幅在扩大"
"1.0","才买三分一竟然涨了…………晕"
"1.0","13.19又加仓了3000股现在6000股价值投资，慢慢的加仓"
"0.0","保利地产已经没有投资价值了。"
"0.0","走了，不能玩了，拜拜拉，此股已经被主力抛弃拉"
"1.0","大牛股"
"1.0","美股暴涨，大盘暴涨。昨天洗出去的，今天买不到了，今天保利暴涨"
"1.0","长春高新新高不断，本周500，月底600，年底千元"
"0.0","买了这垃圾 专注万科了"
"0.0","辣鸡就是辣鸡，看看人家格力"
"0.0","辣鸡就是垃圾"
"0.0","主力一周都在出货，这股还是要跌了"
"0.0","跌这么多啊"
"1.0","坚定持有，保利，18见"
"1.0","明天就能冲上12元了，今天砸盘吸筹，不吹不黑"
"0.0","大盘完了，个股更不会好到哪里……更何况这种外资大量持股的，能卖不能买，死路一条"
"0.0","越想好，越不让你好。"
"1.0","下周反弹到14元"
"1.0","板块轮动 该轮到地产了 明天出就可以"
"0.0","14.4全清，换股买万科"
"1.0","啥也不说了，坚持持有吧"
"1.0","看好美的！"
"0.0","这太监，成功躲过了几天大涨"
"0.0","这几天每天开盘价都低于前一天，还是每天最高价，哎"
"1.0","保利真保利！ 拉指数神器吖。 本轮行情破新高的概率非常大。"
"0.0","保利今年疲软"
"1.0","茅台之后又一只大牛股"
"1.0","保利，地产股的希望之星。"
"0.0","调整两周。470"
"0.0","51.4的本，15000股何年马月才涨起来"
"1.0","单针探底"
"0.0","连续几天大盘上涨 美的涨不上去 就是要调整的信号"
"0.0","拿这货的严重悲剧，看着别人天天涨不停。SB了，主力。"
"0.0","今又会跌成狗"
"0.0","横久必跌，开始吧"
"0.0","你又不行了吗？"
"0.0","今天要跌7个点吗"
"0.0","今天跌3?个点差不多可以入手一些了吧，明天在跌两个点就可以半仓了。"
"0.0","毫无上涨动力，继续坚持就是等死、"
"0.0","国内鸡构不买美的天天拉垃圾股，又不给价值投资的外资买，导致没资金入美的，这分明是逼着小散买垃圾股嘛，变态规则！"
"1.0","抢抢抢！！！！主力开始抢筹了。"
"1.0","两点钟开始一直有人进货！"
"0.0","资金流出一个亿，短期看空"
"0.0","保利，你跳水给谁看，要做空上证吗？"
"0.0","400元是半年内高点！短线快跑，长线觉得半年时间等的起就留着！"
"1.0","下一个茅台"
"1.0","应该要调整两个月左右，然后直接拉升到一千，大家锁好仓出去旅游几个月"
"0.0","开启19年一直跌跌不休，什么利好都没用。"
"0.0","走势坏了，至少得掉两元。"
"0.0","一会就下来了"
"0.0","房地产泡沫严重，价格水平已整体超过西方发达国家，不正常了"
"1.0","这家伙涨起来也不含糊，稳住"
"0.0","墙倒众人推。"
"0.0","自己脑残转不过弯来，今天明显就是出货行情，有高点还不走，等绿了再走"
"0.0","缺乏增长点；建议卖出"
"1.0","洗盘而已不会怎么跌的"
"0.0","噩梦又来了，又跟前几个月一样大涨时他不涨"
"1.0","下周一继续看好，重点关注！"
"0.0","真的想骂人"
"0.0","如果美的连续几个涨停,低于55还怎么回购"
"0.0","停牌多好的，要在这里祸害人。"
"1.0","保利今年会破20"
"0.0","天天买天天套。"
"0.0","基金要排名次了要大量抱出了"
"1.0","保利已经启动，大盘下跌，保利纹丝不动！安全的避风港！"
"0.0","走吧走吧。垃圾中的垃圾。"
"1.0","估计要降息了。。。。。"
"0.0","在A股，做价值投资，就是个笑话！"
"0.0","这垃圾连跌一星期！跌成狗屎一样了"
"1.0","新华保险601336该股属于蓝筹品种，随着今天券商整体性涨停出现，其他蓝筹必然会补涨，所以这个位置买入保险救市为了做一波补涨跟风。大家下周可逢低潜伏，"
"1.0","生长激素放心使用，这个安全小卫士少不了。"
"0.0","长春高新必将跌破20元！"
"0.0","前面已说过：如今的茅台、长春高新就是07年的中国船舶、15年的全通教育！想想可怕"
"0.0","垃圾股跌那么多"
"0.0","明天感觉又是跌的状态"
"1.0","不着急，我忍你，也等你"
"1.0","14收了你"
"0.0","和青岛海尔二兄弟啊，下跌同步，把格力也带进坑了"
"1.0","保利涉足养老产业，未来十年，60岁以上老人四亿多，市场彶大"
"0.0","惨啊，几百点不动"
"0.0","打着回购名义，为高管谋福利，是违背新规下的回购精神的！"
"1.0","国企改革今天涨"
"0.0","有大单一直在压，什么情况？只能讲外盘真的多。"
"1.0","今天收盘14.63以上…明天冲击15。"
"1.0","我297被洗了出来，看来是错误的"
"1.0","到20都非常低估啊"
"1.0","感觉应该能上15.5，之后难说"
"0.0","要绿了"
"1.0","买进美的，速度"
"0.0","沒敢入手"
"0.0","心存侥幸……315真的不惯你毛病"
"0.0","屎一样"
"1.0","10点加仓"
"0.0","就不信啦 它不跌"
"1.0","中海保利等央企大手笔拿地不差钱啊"
"0.0","股灾股灾"
"0.0","又要绿啦"
"0.0","活埋昨天抢筹的外资，一个都别想跑，让外资割肉我们抄底"
"0.0","主力资金是流出的，格力带动的假涨，下午必跳"
"0.0","两天暴跌7个点，从高位下来已经调整10多个点，今天会是最后一跌吗"
"0.0","美的有货回购任务，不可能涨高的"
"0.0","开始割韭菜了。"
"1.0","新一轮的家电下乡了"
"0.0","业绩吹得差点跌停"
"1.0","好公司有他值钱的地方大家放心上车咯不到20坚决不走"
"0.0","跌幅第一名是龙头还是蛇尾？！"
"0.0","有心冇力……""早泄"""
"0.0","明天停牌了 你们快点跑吧 让我来接"
"0.0","连续跑输板块跟大盘，这是在干嘛呢？"
"1.0","预计今年流感疫苗供给有望大幅提升，同时集中度明显提升"
"0.0","又完蛋了"
"1.0","本来就没涨又遇到利空 绝佳的黄金坑 一周后来看"
"1.0","盘尾再来一波上冲"
"0.0","明显庄家在有意压盘不让涨"
"0.0","猪一样的队友，多少股已创历史新高，"
"1.0","厉害了举起这杆得花多大的力呢，我是小散也助你一臂之力……"
"0.0","二个跌停再说"
"1.0","振一振有利于上涨"
"1.0","快冲13"
"0.0","赶紧卖了长春高新，去买安科生物，产品一样，盈利模式一样，长春高估了，安科低估了"
"0.0","还能再低，不急，我们两点半梭哈吧。"
"0.0","美的小儿40元以上，谁介入胜算都不大，即使进去，出来也是困难事情"
"1.0","洗盘，力度能在大点吗？我在加点仓"
"0.0","今天看来跌停了"
"0.0","大好行情不拉高出货，非要地位出，傻逼"
"0.0","要回调，先闪！"
"1.0","洗掉一批浮筹。"
"0.0","去死吧主力"
"0.0","看样子资金还是喜欢中小创的垃圾股，关软件修心养性吧。"
"0.0","跟着新闻就吵吧 还得回到30"
"0.0","回购的过程就是美的股价下跌的过程，美的喜欢资本运作，肯定不会在股价高的时候回购，前几天回购了一点纯粹是做做样子的。美的向来小家子气"
"1.0","保利物业计划年底在港交所上市"
"0.0","外资开始清仓减持了……"
"0.0","赖狗扶不上墙！！！"
"1.0","再不拉，筹码都强光了"
"1.0","稳中有进，记住，每一次的回调都是买入的机会。现在高新已经进入了中长期上升通道，业绩的向好必须要体现在股价上。"
"1.0","这4只A股好票，还在蓄势中　2019年A股这方市场注定它们将气势磅礴一览众山小…真正的涨升还未开启，好风景还在后面！"
"1.0","明天看保利主力表演，抢了很多血筹。"
"0.0","美的啊，给点力吧"
"0.0","这癌股又感冒了。"
"0.0","怎么永远领跌"
"1.0","长高冲鸭"
"0.0","最垃圾的地产央企"
"0.0","拉高出货了"
"0.0","太虚高了，不可持续！"
"1.0","今天上500"
"0.0","保绿就是一滩烂泥！谁踩上谁倒霉"
"1.0","今天涨停。08:36 证监会副主席阎庆民表示，下一步要统筹研究，总体方向是继续推进开放，不断扩大股比开放。（证券时报）"
"0.0","要跌破13了。大盘可能会补缺口，建议多看少动，观望吧。"
"1.0","大盘走势跟15年初走势相当，是时候做多了，经济越萧条村口的玩牌档口越多"
"0.0","去球，烂货"
"1.0","格力应该是明天开盘吧，会带美的飞一下的。"
"0.0","美的集团走势恶心死了，和老板电器真的是天壤之别。"
"0.0","这个股是用来砸盘的。"
"0.0","终于知道这几天保利大跌的原因了，原来是绯手们在开会，市场怕出台更严厉的打压政策，只好低调些，让龙头保利下跌。"
"1.0","这波振了不少浮筹出来"
"1.0","家电下乡！今天收盘至少涨2个点！"
"0.0","严查保利做空恶势力"
"0.0","都跌成狗了还想翻红做梦呢！"
"1.0","深港通净买入2.95亿"
"0.0","清仓大甩卖"
"0.0","垃圾，天天上下坐电梯"
"0.0","别撑了，破11.44吧，我在底下接着"
"0.0","H股的地产股开盘好吓人，今天我们也要做好大跌的打算的"
"0.0","每次拉高都是出货，调整继续"
"1.0","现在的空头，卖股的人，就是6000点时的多头，还卖股，就是目光短浅"
"1.0","今天大涨主贴为证"
"0.0","又一波打压开始了！！！！！！！"
"1.0","今天无量，散户在跑路！跑了下星期就好了"
"0.0","美的怎么了，伤不起，亏15个点跑了"
"0.0","资金在跑路，大家小心了！"
"1.0","今天是最合适买地产股的时机，见证"
"0.0","早盘拉指数反抽，护其它股出逃，当心。"
"1.0","会超过格力的，"
"1.0","钢铁 煤炭 水泥 港口都起来了 房地产也不远了 今天走补涨行情"
"0.0","年前满仓，现在就一成仓！试目以待！则么涨就则么跌！地产一个月后8元！"
"1.0","千真万确利好落地啦"
"1.0","开始了，上车啦"
"1.0","满仓，今天开门红，要护盘"
"0.0","机构狂卖"
"0.0","确切的说，明年，地产股更难"
"1.0","上五百"
"0.0","美的我觉得45块守得到货，或者几天，或者几个月，或者一年。绝对会给我这个机会，毕竟现在利空美的。"
"0.0","格力价格都比美的高了，美的还不爆发吗"
"0.0","继续装，明天又是—5个点"
"0.0","没用的东西"
"0.0","真是个笑话"
"1.0","洗洗更健康"
"0.0","今天清仓了，祝留下的朋友发财"
"0.0","先卖"
"1.0","早上11.55满仓干了了。好爽！"
"0.0","受地产股拖累"
"0.0","龙头输过龙尾！"
"1.0","狗庄，老子刚割肉尼玛就拉我靠"
"1.0","恭喜保利尾盘拉升"
"1.0","今天应该还能涨，毕竟家电板块正处于领涨状态"
"0.0","垃圾了"
"0.0","他娘的……被套牢了要"
"0.0","飞流直下三千尺，凝是银河落九天！明天！"
"0.0","经典拉高出货套路"
"1.0","清仓的一路走好不送了别回来了，尽量也别在这里瞎比比了。"
"0.0","昨地产板块表现强势时你不跟！今砸盘倒有你了"
"1.0","完全不受3.15影响"
"0.0","一天到顶，又要阴跌好多天"
"0.0","这次踩了地雷，被315曝光……做好割肉的准备吧"
"1.0","明天5个点上涨"
"0.0","买哪股哪股跌，艹"
"1.0","对标万科动态市盈率23，此股票必到20元以上，公司目标强劲！"
"0.0","全线大涨！这王八蛋砸盘！！！"
"0.0","今天高开低走，诱多，下午翻绿，昨天建仓的今天抛吧，利润到手才是王道"
"0.0","又套一批货"
"0.0","保利第三季度净利润同比去年下降了，星期一要大跌了，今年第三季度净利28亿，去年第三季度净利30.6亿。"
"1.0","稳住，别慌。"
"0.0","看沪股通流向 外资都跑了快半了"
"0.0","还拖累格力"
"0.0","狗庄恶意砸盘"
"0.0","380等你"
"0.0","尼玛，融资客和外资昨天大卖特卖"
"0.0","妈那个巴子，买了这个畜牲满仓踏空"
"0.0","美的现在还赚两个点，准备卖了走人！"
"1.0","再砸我就再接"
"0.0","今天疯狂抛售，砸盘猛烈，大单基本都是砸盘的，自选股里最垃圾的一支股"
"0.0","行情一好马上下来了"
"0.0","回购结束了，大家还有什么办法阻止下跌嘛"
"0.0","真的很狗屎"
"0.0","这就跳水了？？？"
"0.0","跌到400有可能吧！"
"0.0","垃圾就是垃圾"
"0.0","我能说跟保利地产没关系吗？"
"0.0","每次走好一点一个会就下去，生活这样环境真的好苦"
"1.0","这么多钱，不到房地产，哪个行业能守得住，还担心国管公积金那点限制。下周地产必定上天，不要轻易放弃自己的筹码。"
"0.0","算了，先撤出，星期六日，还不知道出好坏消息"
"0.0","5分钟底背离，有点冲动想加仓，但看到60分钟以上都是开口向下，还没跌透，还是忍住了手，冲动是魔鬼，"
"1.0","保利永远是老大！"
"1.0","节前维稳，应该站上15。支持请点赞"
"0.0","中国的垃圾股市跌到1800点"
"1.0","万科，保利长线持仓"
"1.0","继续砸，我吸筹码"
"0.0","美跌上不了60日线永远是下跌通道"
"0.0","还要带领大盘补缺，"
"0.0","以前被绿地深套了，现在被保利套"
"0.0","昨天港资跑不少啊"
"1.0","港股地产股涨停了"
"0.0","目标380"
"0.0","还是一个字！跑跑跑跑跑跑跑"
"1.0","区块链龙头股涨停"
"0.0","又在拉低回购?"
"1.0","涨停。这种好公司不涨，垃圾股涨了一大堆。"
"1.0","这么低的换手率，说明大家都看好保利接下来的走势，大家基本都锁仓了。"
"0.0","你疯了吗 往下滑"
"0.0","不可能收三根假阴线吧"
"0.0","不听劝！全套了吧！"
"0.0","黑三过后是黑四！"
"0.0","这垃圾废了"
"1.0","一步一回头走的稳健明天又是大阳。"
"0.0","大盘应该近期会回补缺口吧 拿美的是不是也会回补"
"0.0","任何厉好对这b来说都是跑路时候"
"1.0","今天表现还不错！昨天买的有点利润"
"0.0","打回原型！"
"0.0","尾盘有可能加速下跌"
"1.0","坚定持股。十年十倍毫无悬念。长春高新，大牛"
"1.0","节后开门红，最少3个点！"
"0.0","垃圾本色！！！！变态的烂庄！！！！！"
"1.0","长春高新必创新高，死守到底，"
"0.0","真是废了，"
"1.0","地产股对应未来两年锁定的利润，反弹到目前价格还是便宜的没天理。等主升浪的大爆发，就像新城控股那样释放"
"1.0","老美股市天天涨，库卡股价天天大涨至53.20猪力才亏一百多亿继续加油"
"1.0","周线低位买入，我买不了真正的底部，只能低位，买后一直持有，到周线高位卖出。机械操作。这样能小赚一点。"
"0.0","保绿真是名不虚传"
"0.0","老套路，继续拉高跑路，垃圾"
"0.0","大盘涨此股还在睡觉，我看走眼了……"
"0.0","都跑了"
"1.0","马上涨停"
"0.0","有没有480站岗的。"
"0.0","空仓者360左右抱入。"
"0.0","垃圾、垃圾"
"0.0","保利钱都买地去了，没力拉"
"0.0","这行情还绿毛龟，没话说了"
"1.0","14.01 2000股成交 下面还有13.88 13.68 欢迎下来"
"1.0","快来买啊"
"0.0","和格力只差一块了，美的太弱了"
"0.0","中小资金流入的股能涨才怪！！！！主力都在出货！！！！！割韭菜啊！！！！！！"
"0.0","明天砸到13元，让散户进"
"0.0","逃命吧"
"0.0","去年没跌反涨，现在要还债了10以下再来说事"
"1.0","业绩稳中向上北上资金今天日增持保利2.3亿，减万科1亿多。"
"1.0","美的股票流动码越来越少"
"1.0","抓住难得的年末振荡期，打牢基础，为明年春季行情蓄势。"
"0.0","垃圾大跳水"
"0.0","最坏的垃圾公司"
"0.0","辣鸡"
"0.0","上周买的今天全吃面。今天买的明天全吃面。433满仓了。怕怕怕"
"1.0","今天买入5万股，看你还能跌多少，越跌越买，外面没有业绩的股票涨上天，你的业绩这么好，不相信你不涨上来，加仓买入"
"0.0","补跌开始"
"0.0","果然是个搅屎棍"
"0.0","今天刚拿到房屋拆迁款五百万，看你能跌到那去"
"0.0","所属板块全红、这垃圾该砸盘了"
"1.0","拉高这一点就出货了"
"0.0","股价这么高，还TMD跌四个点，去死吧"
"0.0","美的这个垃圾"
"0.0","赔了三千多，跑了，幸亏跑的快"
"1.0","保利年前冲15，踏空狗走开"
"1.0","好股就买"
"0.0","我觉得，这股泡泡大了，不值得留守！"
"0.0","居民消费减少 企业贷款增加 m1向m2转化减少 m1触底反弹 经济刺激起到一定作用 说明政策见效 ，牛市继续，保利跌就买"
"0.0","垃圾的一塌糊涂，这样砸,去TM的"
"0.0","托友们，吹没用，保利怎么可能走势强于大盘？我巴不得今夜出个十送十派20，如果这样这么最多三个点还得下来，我比你们货多，比你们思涨，但我明天止损，我认了"
"1.0","又有砸盘吸筹的"
"1.0","还是那句话，越调控，小房企死的越快，以后就是大型国企垄断的时候，利润越来越大"
"0.0","撤，转战科创板"
"0.0","不停在出货，短期看到12元"
"1.0","盘小绩优稳增长，有送股就连续涨停"
"0.0","猪力挺会意淫胡扯地整个几年，还在整合，把毛利润越整越低"
"0.0","垃圾今破14了！"
"0.0","上证50和地产指数才跌多少？！！再看看这垃圾货跌了多少！！！垃圾股！癌庄必死！！！"
"1.0","涨停，上42，立贴为证。"
"0.0","实在受不了，亏11%割肉走人！！！呜呜呜呜呜呜呜呜呜呜呜"
"0.0","上周还有同学喊没机会上车，这周机会来了"
"1.0","突破前期高点总归要时间反复磨合一下洗盘，不然怎么冲新高，行情还没走差，耐心点。"
"1.0","明天反包了。"
"0.0","底在哪重要吗？重要的是你准备拿多久一年以上买吧5年以上闭着眼睛买短线的这种股看都不该看对吧你准备拿多久呢？"
"0.0","涨不动了"
"0.0","瑟瑟发抖"
"0.0","保利地产的风险点在哪里？担保过多，虽然有国企背景，但是也不排除未来风险"
"0.0","今天15.79全倉賣出坐等14.47接回半仓，望莊家配合"
"1.0","买保利作为打科创市值备战科创板"
"0.0","绿帽子马上就戴上了！天生贱种！！！！"
"1.0","恒瑞的重磅产品问世，你的呢，明天医药股爆发"
"0.0","保绿依旧是保绿，15块还是压制住了。"
"1.0","三万股已满仓"
"0.0","跑不过家电股的美的，可怜呦，哈哈"
"1.0","又发出关注信号，强势。"
"1.0","下周550，保守估计。"
"0.0","3.15晚会要来了，产品质量问题，两会即将结束！"
"1.0","鼻喷流感疫苗近日将获批上市"
"0.0","高位套上散户钱就跑，股市里亏钱的永远是散户！"
"0.0","老套路 一开盘就拉高出货 估计又有人追了 提醒好多次了"
"1.0","哎呀，心好痛，这货卖飞了"
"1.0","勇敢的‘买进’。。。。。。。。。。呵呵"
"1.0","周五逆势加仓保利，周一涨个3%，吃一口肉就走！主力给点面子啊！"
"0.0","家电板的涨停潮里，没有美的也没有格力。还不如小天鹅"
"0.0","自己想清楚有多少股发行50元以上跌倒几元一堆堆不买就暴跌"
"0.0","严重破位，速走，年尾大减仓惹的祸"
"1.0","下周保利上不了15，我认为牛市就是失败的。"
"0.0","做梦前三名"
"0.0","就是个垃圾货色"
"0.0","目前来看，美的和小天鹅的合作，从股价上反映是一种双输的局面"
"0.0","买了这个畜牲，满仓踏空"
"1.0","2018年最正确的决定，就是加仓了美的，红包已收到，谢谢！"
"0.0","你兄弟就要超过你了。你还在这半死不活的"
"1.0","不管什么调控，都利好保利地产。别的地产不行了，倒了，这对保利来说就是天大的利好。万科每次都等着别的地产垮了好低价收购便宜低价土地。龙头房企的好日子就要来了。"
"1.0","今天能涨几个点呢？"
"1.0","我就想看看pe9倍 20%以上增长的股票到底能咋跌"
"0.0","不骂你都难"
"0.0","可以撤了，14.44短线顶部已经出现"
"0.0","下午还要跌！"
"0.0","大家快跑吧！还要暴跌的"
"0.0","又被套了，贪心惹的祸"
"0.0","墙都不服扶就服你"
"0.0","央行出手调控房贷利率，地产股周一真的很危险"
"1.0","这股跌少涨多不断新高，神股。可惜卖早了"
"0.0","周一千股跌停"
"1.0","祝贺上3千亿，才起步"
"1.0","保利地产今年净利润达到2块是有可能的，目前的估值也就6.5倍市盈率不到，这波股灾如果可以跌到12以下估值就剩6倍左右了。真便宜，可以加仓赌一把。"
"0.0","都在涨，就保利这个杂毛在跌，幸好昨天走了只剩2000股了。"
"0.0","成功被套进来了"
"0.0","闭眼买都比你强"
"1.0","长春高新明天再跌二个多点后再探底回升，然后十个交易日之内攻破500元"
"1.0","今日放量站上10日线，持股待涨！"
"0.0","资金还是净流出！"
"0.0","昨天北上资金流出2.15亿"
"0.0","为自己的眼光买单，今天出了，你们可以拉了，真的垃圾。浪费一波大好行情。"
"0.0","绝逼外资砸盘"
"1.0","14.08入手2000股！看能否挣几斤猪肉钱！"
"1.0","我是397左右买入的，真可惜，在今高点我没有卖出，我很纠结，现在卖又不舍得，不买又看见利润少了，哎"
"0.0","主力今年赚大钱，肯定会出货，马上跌停"
"1.0","我就一百股，唉！"
"0.0","拿什么救你 巴菲特说 低价回购 才是对公司最好的高价回购 都是 转移资产为目标的"
"1.0","医药利空吸收的差不多了，明天开始拉升"
"1.0","留下的祝下周吃肉"
"1.0","A股相对港股就是不同步 内房股这几天涨的都不错 坚守 会有回报的"
"0.0","別用大盘来掩饰，就算大盘不跌，涨都不会我股涨"
"1.0","太强了，不给做T机会"
"0.0","心疼在车上的各位"
"1.0","上50"
"0.0","为嘛跌四天，地产税叨叨又不是一天两天的事了，搞不懂"
"0.0","倒数第一"
"0.0","砸"
"0.0","割韭菜了。"
"0.0","辣鸡东西"
"0.0","20多亿还跌2点，真他妈垃圾"
"1.0","高新好腻害哈哈"
"1.0","买买"
"0.0","三只乌鸦，这货又要砸盘了"
"1.0","震荡上扬洗盘行情，坚持握住手中的筹码，你的坚持会给你带了回报的"
"0.0","小散又上套了！高位接盘准备被套吧！！！！"
"0.0","买啥啥跌！"
"1.0","上车上车，今天保利股价将突破15元，不上车要后恢的。"
"0.0","真是垃圾，为回购，太不要脸了"
"0.0","解禁股减持"
"0.0","典型的高开低走"
"0.0","忠告持股的朋友，红盘卖出是最正确的，锁定利润！这股将迎来调整"
"0.0","这就跌下来了"
"0.0","死活不涨"
"0.0","地产股中最垃圾的了，是吧"
"1.0","长期看好地产，这个是大消费里面最大的消费吧！"
"1.0","二十块必到"
"1.0","暴涨"
"1.0","房价又要涨了，指数创新高，保利起飞了"
"1.0","新股民怕跌，老股民怕涨！就问下你们那个今天买了？有几个买了？越跌散户越不敢买！谁在买明摆着"
"0.0","最近出货有点疯狂呀！"
"0.0","明天跌停价400.41元，不保证能卖的出去！"
"0.0","400！BP!"
"0.0","上面压力大"
"0.0","大垃圾"
"0.0","格力两天涨幅都超过你什么垃圾啊"
"0.0","快快下来！最近好像没有一天跌超过三个点，今天就让你们看看，收盘跌四个点左右"
"1.0","中国保利地产集团和中国中丝集团实施重组明后天有望腾飞。"
"1.0","速度炒底"
"1.0","你们是钱多了卖保利去垃圾股里亏光光吗"
"1.0","大伙赶紧闭眼全仓杀入啦！我已生死看淡，不服就干！"
"0.0","垃圾保利，快点退市吧"
"1.0","医疗拉升了，周五暴跌，今天可以吃肉了"
"0.0","13.27出的，这大盘涨得我心慌慌，套利走人了……手拿弹药，回头观望。"
"1.0","真给力"
"0.0","这个股就没怎么涨还跟着一起跌"
"0.0","这几天都在调整 都没跑赢大盘 家电股都是大比例涨 可惜"
"0.0","格力红了啊，你呢"
"0.0","快跑啊，保利业绩不及预期，今天还要爆跌，投行的一个朋友说保利要到10以下了"
"1.0","没有站稳15块，明天继续上攻！"
"1.0","看看科创板的市盈率、大胆拉升吧、八百以下没人跑的！"
"0.0","几个意思啊，还看业绩吗，这么跌"
"0.0","走下坡路了"
"0.0","大家越觉得该反弹了，证明这股还没跌够！这就是股票！什么时候跌到这些散户受不了割肉了，就是它涨的时候！现在看来，远没到开涨的时候，明天开盘就卖吧，肯定有更低点"
"0.0","周一大跌五个点"
"1.0","北上资金买了100多万股。"
"1.0","业绩好，继续涨。"
"0.0","今天亏惨了啊！高位接盘了47.3"
"0.0","散户买大户抛！能涨才怪呢！"
"0.0","这波行情保利就没涨多少，但是跌起来连头也不回，，其他票基本都反弹一下"
"1.0","昨天说要大跌的哥们哪里去了 赶紧砸盘啊"
"0.0","450左右肯定。"
"1.0","10个点！！！今天高开高走，洗盘。大家千万别跑。"
"1.0","这是奔茅台去的哦！"
"0.0","如果不是利好，这垃圾早跌停了，不过下午还是会跌停。因为大盘泄了"
"0.0","我是看出来了，这他妈的是有人故意压盘！"
"0.0","炒股千万条，安全第一条，追高买美的，亲人两行泪"
"1.0","不破不立，不看好的该走的就走，看好的该留就留，是风险也是机会。对于长线投资者来说，短期股价的下跌并不影响长期的上升趋势！月底前会破500的"
"0.0","保利严重落后大盘，给股东们喝点汤啊，外面涨你不涨，外面跌你领跌，是房地产吗"
"0.0","垃圾的无力吐槽 指数上拉对你没有丝毫影响"
"1.0","我昨天就说了拿着就行了吧！"
"1.0","明天继续买人"
"1.0","买进"
"1.0","我说这新股价会超越茅台，总有人说三道四怀疑嘲讽。我可以确定的说，那是一定的。"
"0.0","美的现在这高度感觉出什么利好都白搭，想要小散接盘！？还是让机构自己玩吧！"
"0.0","美的这一波低点从34.1长到近50，涨幅45%。涨幅已经巨大，而且前期跌幅也不大，调整幅度15%的话，跌到42.5到43元附近，时间持续到六月附近吧。"
"0.0","砸盘的垃圾"
"0.0","这个股会不会跌破净资产？难道买房的嫌到笑，建房的亏本生意吗？"
"0.0","又把外资给套住了"
"1.0","美的集团比TCL集团好，是强势股。"
"1.0","这样玩可以吗？满仓！"
"1.0","长线是金"
"1.0","可以回购了"
"0.0","莫名奇妙"
"0.0","美的不是不是五粮液，平安之流，美的不够大气，热衷于资本运作，回购也不舍得高价，弄个55看着，小偷形象"
"0.0","今天进场有点早啦"
"1.0","房地产及其产业链至少占据三分之一的GDp，不可能垮，稳定发展是方向"
"1.0","不用分析能涨到哪，后面还有制造业减税跟家电消费刺激，未来业绩有托底，价格就跌不到哪去，巴菲特说的保住本金保住本金保住本金就能实现。可惜子弹还没打光，差一点点"
"0.0","跌停封节奏，昨天进来的被带上个黄金套了"
"1.0","明天三喜临门！升一个板看看！"
"0.0","继续砸"
"0.0","今晚可以睡个好觉，因为不用担心明天涨跌了，哈哈，美的这个大垃圾！"
"0.0","今天6毛三绝不是最底，，，"
"0.0","只要基金重仓的股，很多走势都不行。"
"1.0","我只知道我家一台格力空调，两台美的空调，其它电饭煲风扇和热水器榨汁机全部是美的的……"
"1.0","主力跑了，将来会追高买进。主为是人不是神"
"0.0","14.40卖了"
"0.0","跳水了"
"0.0","出研报就跑"
"1.0","任尔东南西北风。是好股肯定会涨。"
"0.0","长春可能出什么事情了，否则不会那么多特大单出逃的。"
"1.0","涨涨涨，看好你"
"1.0","这是不亚于茅台的牛股"
"0.0","看样子今天就会被反超了"
"0.0","明天扔了"
"1.0","t飞了"
"1.0","这根大阳线，看着舒服！"
"1.0","买一点压箱底"
"0.0","给有资格享受股权激励的管理者加福利、说成是回购、我呸！早晚被股东唾弃、不得好报！冠冕堂皇是回购。恶心至极"
"0.0","美的股价开始新一轮下行，不知多少小散又将被割肉"
"1.0","赌满仓过节保定,宝。"
"0.0","刚看盘，怎么跌这么多！哈哈，现在卖为时不晚，明天就到400-410之间"
"0.0","13我就卖了，亏本大卖了，快"
"0.0","东方奇葩，人呢？出来走走"
"1.0","低点已现，加仓！调整基本到位。"
"1.0","长春高新节后要大涨，大家做稳了。"
"0.0","不用唱多了，尾盘必须收绿"
"1.0","翻转迹象"
"1.0","要不要这么强啊"
"0.0","指数拉升好像与你无关似的 指数下跌你下落的速度那叫一个快啊"
"1.0","耐心等待"
"1.0","创维率先发力，大消费强势崛起"
"0.0","这股又可以跌个十几天了"
"1.0","以为对长春的研究，500以下买入就是捡钱"
"0.0","咦，一买就废了，看来地产是碰不得啊"
"0.0","跳水王"
"0.0","保利到底怎么了！！？？"
"0.0","没有比保利这公司垃圾的没有了"
"1.0","明天就要分红啦，各位散户朋友还要卖？"
"1.0","明天大涨，立贴为证"
"1.0","漂亮 狠砸 尾盘买入等待明天停牌审核"
"0.0","445元的长春高新是两市第二大垃圾股，卓胜微第一！"
"1.0","明天地产股大涨，因为按套内面积可以少交税"
"0.0","自从买了你，每天都是亏损，再加上立讯精密，好嗨哦"
"1.0","马上大张"
"0.0","狗托还在鼓吹这垃圾呢！"
"0.0","涨的心惊，暂时出仓"
"0.0","美的真坏，良心大大的不好，斩仓出局换入水井坊投靠英国佬"
"1.0","这就算调整完了？不能吧？"
"1.0","500不远了"
"1.0","再加"
"1.0","上个9:30的闹钟，争取大兔子我一睁眼就看见大美的红红红哒…我不贪心，54.2本儿，涨到56.2就可以了，啊kaka…"
"0.0","下午开盘就一个字：跑！！！！！"
"0.0","尿劲十足"
"0.0","你妈的就会戴绿帽子"
"1.0","明天拉5个点"
"0.0","拿了两个月结果～～～我亏了"
"0.0","实践事实证明，保利真不行"
"1.0","今户股通外资净买入保利地产2.6亿元"
"0.0","保利你很折磨人，我先走了，等大盘稳定了，我再考虑你"
"0.0","尾盘清仓了，明天估计会绿。"
"0.0","为了忽悠人进场手段不是一般高，破十四再考虑，闲钱多的这价就进场"
"0.0","这样走美的要完蛋了！"
"0.0","保利就是个搅屎棍！！！"
"1.0","目标价25块，快跟上"
"1.0","周一补涨停板看看"
"0.0","今天居然赔钱了"
"1.0","47.50接了1200股"
"0.0","世界上最垃圾透顶的股票！保利！"
"0.0","茅台开崩了！小心！！！"
"0.0","一路出货"
"0.0","发没发现，今天长高稍微涨了一点，就冒出这么多散户在高兴，长高现在持股人数在明显上升，说明什么？主力只有在拉升中才能出货"
"1.0","收盘前进了5手！加油。"
"1.0","保利地产市盈率持续走低， 正式低吸好机会 ，个人建议 ，喜欢地产股的可以试试"
"0.0","跳水开始了！"
"0.0","疫苗有点是板块就下跌，疫苗成高风险板块了"
"0.0","见顶了，496元那是万年之顶！！！"
"1.0","老司机快快来，上车上车喽"
"0.0","远离地产股！"
"0.0","垃圾保利早日[弱][弱][弱]"
"1.0","药中茅台啊，名不虚传"
"0.0","就服你们砸盘的，金九银十都来砸！"
"1.0","今天不买、年后更贵、最少高5个点！"
"0.0","美的的产品烂的一B，家里几个美的产品用个一年多不是这就是那有问题，这种公司能做这么大只能说不是靠产品"
"0.0","终于有人明白这次回购是利空了"
"0.0","看来这波假牛套不少人"
"1.0","我的个乖乖我还没买进去呢……给个机会老大"
"0.0","现在想拉有点晚了"
"1.0","进了点，这个时候还是不错的"
"0.0","太漂亮全紅一点绿"
"0.0","跌跌不休了，什么情况"
"0.0","跳水开始了"
"1.0","疯狂扫货。"
"0.0","美的不行了 连续下跌"
"0.0","哦货，完蛋了！"
"0.0","不要追高"
"1.0","洗的头晕，涨就行了！"
"1.0","好多人看好这只股票，我也非常看好至少现在不算高估"
"0.0","今天又将是悲惨一天，不知道5个点够不够跌，哎，悲哀，涨没跟上，跌总是少不了保利"
"1.0","长春高新走得好！祝福长春高新！目前是基金排名期！到了十二月下旬再好好走！"
"1.0","13.83 2000股成交 13.62 2000股挂着 再跌再继续"
"1.0","现在上车还来得及，买股票要看价值。要不到了1000的时候，只能用两个字形容了，卧槽"
"1.0","很快轮到地产股拉升了，现在是入货机会，赶紧买入"
"1.0","到1145，等着！"
"1.0","房地产股是这波补涨的机会"
"1.0","下周一量减介入。"
"0.0","完犊子"
"0.0","突然间就回购完了啊？"
"0.0","两会之前撤退回避，大家都懂得。"
"0.0","买这垃圾倒霉透顶，别的房地产基建公司都翻红好几个点了，这垃圾四连跌，现在还绿油油的几个点"
"0.0","有比我可怜的吗？罗牛山，美的，金牌厨具，全绿！"
"0.0","死尼玛辣鸡骗子"
"0.0","你这垃圾，跌我也不加了，你是无底洞烂货"
"1.0","你是房地产的希望"
"1.0","保利11.50左右大力买进，谢谢主力给机会"
"0.0","以后再买你，就是孙子，再不进此吧"
"0.0","不看好"
"0.0","我就想问一下美的集团，就这样还对得起CCTV十佳上市公司吗？ 浪得虚名"
"0.0","前面已说过，有长阳就必有长阴，有长牛必有长熊！阴阳结合'"
"0.0","是畜生养的"
"0.0","开始抢着跑路了，军心涣散啦。。。小散套死了。"
"0.0","开盘应该会砸一波吧？习惯低开"
"0.0","我清仓了你做头给力啊"
"0.0","年内看前高，明天看震荡，走势真的一步一脚印"
"1.0","乘格力内耗时，美的抓紧起飞，让格力望尘莫及。"
"0.0","此股已死，你可以和茅台比下跌速度了"
"1.0","中午券商调了部分来长高，市场人气已激活，等待补涨！"
"0.0","真服这垃圾了！涨时总是最后一个、跌时冲前面"
"1.0","幸福感满满的有同款的吗"
"0.0","又被套住了"
"0.0","居然成了家电跌幅第一股"
"0.0","我换万科了"
"0.0","千万不要持有，千万不要有侥幸心理"
"1.0","呵呵!就是要涨!长春高新!就这么样了!涨上去!不是平白无故的涨地!搞搞明白最要紧!"
"0.0","大家小心了，千万不要因为庄家拉升了几下，就浪了。上了315的事情不会这么轻易过去。业绩暴跌下滑，已是事实"
"0.0","超级垃圾！保利地产！"
"1.0","牛勒个比！"
"0.0","下礼拜更大的阴棒等着你，不走跌死你"
"1.0","500"
"1.0","杀进10万"
"0.0","采到地雷了我"
"1.0","今日建仓，虽然你是融资标的股，还是不敢弄你，等你到周五"
"0.0","总市值要低于蛇口300亿在买吧"
"1.0","站上14 放心持有 第一目标18.7"
"0.0","美的业绩也暴雷了？"
"1.0","还好昨天没卖"
"1.0","大盘趋势已向好，所以长春会新高。"
"1.0","地产股票今年严重看好！"
"1.0","实在忍不住又买了2000股。明天接着买。希望本周能买到13元以下的"
"1.0","终极目标3800元"
"0.0","下周41"
"0.0","美的啊，也真是无语了。等板块最弱的一只股票。"
"0.0","看好10元一股"
"1.0","长春高新，高！实在是高！"
"1.0","明摆着明年要突破千元，傻子在卖"
"1.0","下午要抢筹码了？"
"0.0","房地产公司都申请退市吧！天天被各种利空打压"
"1.0","我觉得保利过了十一会大涨"
"1.0","15上方徘徊，又一个台阶，不急慢慢来，下一个16呵呵呵"
"0.0","早上有点事没看盘，怎么一下跌这么多，哈哈，继续跌吧，目标200！最近冲进去的真是替你们心疼钱啊！"
"1.0","缴枪不杀　　筹码拿来"
"1.0","这和人走路一样，走累了总要歇歇嘛！"
"0.0","钱都流出追券商和芯片了"
"0.0","保利就是个恶心的垃圾，大盘涨这么好的情况下，这狗日的却装死。去你MB的。"
"1.0","与股东在50元以下抢筹的一天！过了今天就是50以上了"
"0.0","垃圾看看地产涨幅！天生戴绿帽子的货色！！！"
"0.0","浮亏八个点，不砸停看不起你"
"0.0","这下好了，一天爹回解放前"
"0.0","跌停"
"0.0","不停的破保护线，立贴为证，保利还会大跌"
"0.0","反弹打算清了美的，这货我H不住。买过4次坐4次电梯从不赚钱。"
"0.0","煞笔庄！浪费行情！！！！"
"0.0","走人。获利回吐了！赚取点小钱！"
"1.0","想买买不进"
"1.0","估计这次上起来，要一举突破18"
"0.0","两个瘪犊子神同步"
"0.0","我不玩了，能把亏的钱还我吗?心好痛啊！"
"1.0","看看保利，四天流入这么多"
"1.0","下周开始拉升到450左右，然后在400--430之间调3个月"
"1.0","大盘红了，你们赶快买起来吧"
"1.0","美粉们，你们好。近期大盘大幅上落，只认不是高手中的高手最多不要做T，否则会T飞。安心拿住仓底等分红吧。"
"0.0","强烈建议保利地产参与色色婚纱摄影基地拍卖，发展文旅产业一一一一一一"
"1.0","我先补点仓位 感谢了"
"0.0","天天阴跌，让你心如刀绞"
"1.0","今天地产起飞"
"0.0","下来吧，小桌子马上拉你下来"
"0.0","保利跟绿地真厉害，真服"
"0.0","下午要跳水啊"
"0.0","走人"
"0.0","还嚷着保绿涨到18！20的人都跑哪抽嘴巴去了？"
"0.0","这个开盘怂了"
"0.0","医药股都杀跌，板块出问题了吗"
"0.0","这波至少还有5%-10%"
"1.0","保利地产一季度排名首超融创"
"1.0","一飞冲天"
"1.0","明天应该破500了。"
"0.0","涨不过指数的就一个字，抛！！！！"
"1.0","没到时候现在涨不起来，大家拿住筹码，最晚7月有一波，至少突破前期18.74。"
"0.0","我也是醉了，大盘这么好，你还在拉稀"
"0.0","长春高新一个月散户人数从18657人上升25398人，说明了什么?同样的生长素，安科才16元。"
"0.0","480以上接的货如果还没走的，这辈子也别想在这只股上回本了"
"1.0","难道一直以来 是格力限制了你的上涨"
"0.0","可转债，说白了就是没现金流了，剩下的自己想"
"1.0","两融金额创历史新高，接近40亿，聪明资金买、买、买逢低布局"
"1.0","傻逼们还在卖，不能让它涨点吗。"
"1.0","你们跑吧，我坐等14"
"1.0","牛逼了，大盘绿了你倒是红了"
"1.0","明明长春高新给了买入机会，有人就卖出了结，万事大吉!看着!肠子悔青，捶胸顿足，哎嘿连连的日子就在接下来的日子里!看好，长春高新!"
"0.0","这就是个变态庄！！！"
"1.0","金融街股东发来羡慕的贺电，向保利敬礼。"
"0.0","下面缺口还设有吸引力的"
"0.0","今天跌停，收盘390.31元"
"0.0","财务造假"
"0.0","看保利地产的天线，历史大顶快到了！跑啊"
"0.0","万花红中一点绿啊"
"0.0","今天好?在杀地产股，頁是东风吹夕阳下"
"1.0","因为读不懂315消息，而导致乱喷美的集团的狗东西，我会一炮屎准确射入他的食管！"
"1.0","今天卖出的可以凭成交记录打脸一次。"
"0.0","散户们快来接盘"
"0.0","环比下降这么多"
"0.0","这波已到顶了看样子，走了，格力创了新高估计还会往上，美的没希望了，以后就是格力的小弟。"
"0.0","你今天要跌成垃圾吗？"
"0.0","神马极粑玩意儿，企业站出来一下行不？沉默不好！"
"0.0","486的本，早上卖了，亏了12个点。173进了兆易，终于见红了！"
"1.0","药中茅台"
"0.0","已出手"
"0.0","保利地产跟去年一样全年跌。没有一个上证50该有的样子"
"1.0","我买了，哈哈，飞起"
"0.0","美跌今天最少跌3%"
"0.0","小天鹅悠着点 等等美的"
"1.0","各位散户不要卖了，主力在低吸。"
"0.0","这波没有房地产什么事，去证明券吧"
"0.0","上不去的，还有90%没回购，要怪就怪美的自己把回购价定的太低。"
"1.0","大家不要慌，正常回调，为了冲击600"
"1.0","尾盘还会拉一波"
"1.0","9500手一单横扫，主力真乃枭雄也！酒完了，以后是地产的天下。拭目以待！"
"0.0","那个龟儿在砸盘"
"0.0","保绿地产，实至名归，别每天发研报了，看着辣眼睛"
"1.0","上午卖完军工，12.65元强力满仓，坐等回到18元"
"1.0","我还以为产品点名了，弄半天是外包售后，这个时候哪个ID是所谓的空狗就明明白白了，你想跌停怕是美的跟两通加外资爹们都不肯啊"
"0.0","阳痿"
"0.0","又玩完拉高出货了"
"1.0","翻红"
"0.0","真烂，深成指负贡献第一"
"0.0","狗庄脑子让驴踢了！！！！"
"0.0","美跌这两天猪力资金跑了一部分！"
"1.0","50！50！"
"0.0","一朝回到解放前"
"1.0","长春高新方显出股票的英雄本色！"
"1.0","长春高新潜力巨大!大盘翻绿!长春高新是红的!还红的多多!物有所值!祝福长春高新!"
"0.0","砸到13.91"
"0.0","心累"
"1.0","握好手中的筹码，20出不晚"
"0.0","新年开市，居然又跌成这般了"
"0.0","下面全是假拖单！"
"0.0","今天还玩拉高出货，换到格力去了吧"
"0.0","涨这么多增持，必有蹊跷"
"0.0","大盘涨，这货跌，真的有点看不下去了"
"1.0","这波形情到17元至17.85元之间，你一定要把握机会。"
"0.0","拖后腿的垃圾！"
"1.0","明天大盘要红。本公子准备拉一把。"
"1.0","被洗出去了"
"0.0","明天应该有个诱多"
"0.0","我觉得这个是垃圾股"
"0.0","已增持完，可以放心的跌了！！"
"0.0","业绩是地雷"
"0.0","去你妹的天天跌"
"1.0","涨涨涨"
"1.0","后来居上"
"0.0","连续三天资金出逃2.5亿元"
"1.0","招保万金都起来了，把地产板块搞上去"
"0.0","升就没有它的份，跌起来倒挺快的。"
"0.0","回购期间，美的大涨是不可能的，不大跌就不错了，"
"0.0","谢谢在做的各位，货出完了，谢谢！"
"0.0","全部是抛盘"
"0.0","天天阴跌，仙股一支"
"1.0","这种股如果跌不动了，买盘很快的推升股价，追都来不及！"
"0.0","可以出了，跑吧"
"0.0","现在不卖下午 更多"
"1.0","下一个风口就是房地产，港股创新高的比比皆是。"
"1.0","绩优股必将成为主场."
"1.0","哈哈，看来今天跑掉很多散户、不错、下午狂飙…"
"1.0","鼻喷疫苗一公布，瞬间涨停，业绩一预告，一跃上六百。让做空后悔去。"
"1.0","董姐可能吹牛吹的有点过猛了，所以利好了青岛海尔和美的集团"
"0.0","2018年7月26日至2018年12月28日回购期间，美的集团区间累计跌幅达到22.69%。A股回购史的一项耻辱记录"
"1.0","香港地产股大涨"
"0.0","指数不动了 股价继续快速下行"
"0.0","买什么不好，买了你这个垃圾，别人涨你不涨，别人假摔你真跌，走了"
"0.0","臭毛病又犯了！板块红盘它开始砸盘！！！"
"1.0","买！又干了"
"1.0","为何你这么牛啊？！"
"1.0","光头大阳线"
"1.0","长春高新您的走势，我由衷的祝愿越走越好!让这种走势，走得慢些，走得长些!走得顺些!您的走势让我十分珍惜和幸福!祝福您长春高新!"
"0.0","诱多、诱多、典型的诱多！不怕死的冲啊！"
"1.0","一定要让猪力在40多元猛烈上子弹，把猪力成本暴力拉升起来看你害人"
"0.0","坑坑坑。。上当了"
"0.0","今天至少4个点跌幅，明个我要压盘，砸盘"
"0.0","今天肯定收绿盘"
"1.0","一觉醒来，大大的惊喜。surprise"
"0.0","不是说好的做好人，买好股，得好报吗？为什么会是这样呢？"
"0.0","保利地产为什么不涨，因为这轮不是牛市，只是对于券商股的自救和级差股的一次超跌反弹，一月信融超预期之后，2季度大概率会收缩一下，资金面和基本面不支持全面牛市"
"0.0","大盘指数年前2618,现在2945,涨300多点，这个股只怅0.3"
"1.0","今天外资小买2亿多，"
"0.0","还是小市值家电股容易拉升 上涨尾盘强拉的过程中多好的拉升机会 美的股价不升反而回落 一直在压着股价"
"0.0","资金跑不了，利用资金猛烈高抛低吸才是主流就那点毛利润也好意思高科技，卖废品都比你强"
"1.0","保宝强势，不补缺口，主力太牛逼了"
"1.0","奉劝各位今日补一手"
"1.0","无论怎样，美的股价50元以下恐怕很难看到了，另外今天北向深港通资金又净入3.48亿元，记住人家可是来赚钱的哦！"
"0.0","趋势向下，不要言底，只能卖"
"1.0","单日净流入仅次于最高量的12月13日的1.78亿元"
"1.0","向3000点迈进"
"0.0","这个股主力真不要脸，看看证券都快突破前高"
"1.0","此股现在上车还能小赚一笔，静静等待为时不远了"
"0.0","可笑"
"1.0","越跌越买"
"1.0","有必要要我那十几万筹码嘛 少赚1万 上周五卖了"
"1.0","哥们，我需要你的涨停"
"1.0","保宝上星期五全仓主力压盘就买入。"
"1.0","永无止境没有退路：买买买"
"0.0","在400接盘"
"1.0","利率下行提升股票相对估值"
"1.0","让唱空成为新常态。预计美的，今年底看到70块。"
"1.0","现在估计没人买新城的房子了，对保利来说是天大的利好！"
"0.0","不管开盘涨多少收盘准戴绿帽子！！！！"
"0.0","178元增发获利200亿不减持完，高新是不会涨的，大家清仓吧"
"0.0","美的是最不要脸的玩资本的高手，"
"0.0","在里面的兄弟，先出来，套套外资"
"0.0","买啥啥跌，牛市也不赚"
"1.0","有5个点就可以了！不必涨停——"
"1.0","不买不卖，主力表演久了没人玩自然就会拉升"
"1.0","给力的兄弟们今天要过来了。坐稳了"
"0.0","散户朋友们，就算今年都休息也够了！没牛市。牛市没涨这么快的让机构自己玩"
"0.0","汗颜不"
"0.0","已经分红到账了，明天下跌了"
"0.0","买这股的人绝对脑子有问题！不适合炒股"
"0.0","保利趋势已坏 还要砸盘 月底才能起来"
"0.0","哎，可惜早上没卖。现在大盘开始调整，美的也难涨了。"
"0.0","放量下跌"
"1.0","大家都看好了你，就来个涨停么……不到60不卖哼哼"
"1.0","买点地产，错不了。"
"0.0","指数越高 股价越回落 去死吧"
"1.0","下午若再次下探，准备抄底！"
"0.0","以前的美的是典型庄股，现在很多落袋为安了，等大金主来拉吧"
"0.0","不是说入富时有百亿资金等着进场吗？都进到哪里了"
"0.0","491元清仓"
"1.0","这周能涨5个点吗"
"0.0","破位是意料中的事，目前机构都在比赛减仓清仓，天灾"
"1.0","燃烧我的卡路里，冲50"
"0.0","14.84成本价的保利地产，16.53成本价平安银行，估计要呗深套许久了。主力都在疯狂出货，我还在这傻傻的接盘，港资内资都跑了。"
"0.0","从而长期股价走势来看，保利地产董事会要出事的节奏"
"1.0","今天是美的回购拉起来，没有了隔壁的打扰，轻轻松松"
"0.0","垂死争扎最后一跑"
"0.0","这是要人命呀。这几天"
"1.0","看不懂那些还在抛的家伙愚蠢行为"
"1.0","港资恶意做空地产股。买进"
"1.0","估计就在这几天公布，小散们应该握紧筹码，又要起飞了。"
"0.0","庄家稳稳地控制盘面让美的回购。"
"1.0","股东开始增持，恭喜各位"
"0.0","郭家队砸盘，没啥好看的，成了调整工具了"
"1.0","地产股的希望了，保利大哥加油"
"1.0","500就在眼前，比预期来得快，其实心情很平淡，长春高新至在千里，公司的发展目标会更远大，所以值得拥有。"
"1.0","估计明天上50了。。"
"0.0","开始砸盘了"
"1.0","今天必定反弹"
"0.0","股间传闻，利好出尽是利空，利空出尽是利好。哈哈"
"0.0","保利见顶"
"0.0","这股没戏了，大家散了吧，咱们小散割肉出局了，主力才会拉"
"0.0","昨天进来只为今天砸盘，主力志向真的远大啊！"
"0.0","操了，还好还买了大华"
"0.0","绿了绿了！赶紧卖吧，要下杀了"
"1.0","强！绝对高开高走！"
"0.0","明天都是高开低走长上影，主力明显诱多出货中"
"1.0","400再补点"
"0.0","周一调整"
"0.0","美的臭美的"
"1.0","昨天加仓今天吃肉"
"1.0","涨停吧，这才能显示出你的决心"
"1.0","破20月线了，但公司不可能是去去年的情况，所以买吧"
"1.0","425半仓，牛市不改，哈哈哈"
"1.0","必须超茅台"
"0.0","真垃圾"
"0.0","涨的最少跌的最多的垃圾！！！！"
"0.0","还得跌下来"
"1.0","到这是震荡一下也是正常的！吓跑一批人，再拉！"
"0.0","地产板块和上证50指数都涨了一个点了！这垃圾还砸盘准备戴绿帽子呢！"
"1.0","一系列大利好来袭。预估今日大盘暴涨。长春高新涨5%"
"0.0","涨的比如万科！跌的比谁都猛！"
"0.0","早盘冲一波，然后缓慢放货下行，老剧本应该又要出现了"
"1.0","尾盘99，就是说要赚很久的钱！"
"1.0","太牛了"
"0.0","你也太差了吧？开盘没卖你，你现在居然绿了？"
"1.0","让砸盘来得更猛烈些吧，补货、满仓干"
"1.0","有钱就买"
"1.0","密切关注，今日逢低买进"
"1.0","17.8追了，一个月以后再看吧！虽然慢，但是看好你，加油保利"
"1.0","低开洗盘涨停"
"0.0","绿就对了，恭喜庄又套了一批人干杯"
"0.0","你这个垃圾货看看格力"
"1.0","蛮牛股新高不断"
"0.0","涨的慢，跌得快，美的不再美，亏钱总是很容易"
"1.0","主力尾盘拉升涨停。现在还处于洗盘阶段。"
"1.0","我不认为是什么利空"
"1.0","预测一下美地下周走势，站上50元毫无悬念。"
"1.0","卖了你就天天涨，唉"
"0.0","000661日周月KDJ全死叉而且往下加速下滑，抱紧本金安全是王道，不要拿自己血汗钱去发给别人过年，还是原观点：绝不能持有绝不能买入"
"1.0","保利地产，我来了计划拿到年底或者明年一月底，或者收益到20%以上"
