,path,content
0,ref_KL\中国上市公司治理与企业技术创新关系的实证分析_冯根福.pdf,"DOI:10.19581/j.cnki.ciejournal.2008.07.009

2008 年 7 月
第 7 期 ( 总 244 期)

【工商管理】

China Industrial Economics

July, 2008

No.7

中国上市公司治理与企业技术创新关系的

实证分析

冯根福, 温 军

( 西安交通大学经济与金融学院, 陕西 西安 710061)

[摘要] 本文通过利用中国 2005—2007 年 343 家上市公司的相关数据, 对公司治理
与技术创新的关系进行了实证分析。本文的主要发现和结论是: 经营者持股与企业技术创
新存在正相关关系, 但这种发现并不具有统计上的显著性; 股权集中度与企业技术创新存
在“倒 U 型”关系, 适度集中的股权结构更有利于企业技术创新; 国有持股比例( 包括国有
股和国有法人持股) 与企业技术创新存在反相关关系, 国有持股比例越高, 技术创新能力
越低; 以证券投资基金为主的机构投资者对企业技术创新有显著的正效应, 机构持股比例
越高, 技术创新能力越强; 独立董事制度与企业技术创新存在正相关关系, 董事会中独立

董事占比较高的企业技术创新投入明显高于独立董事占比较低的企业。本文还根据上述
结论, 从公司治理的视角提出了提升中国上市公司技术创新能力的政策建议。

[关键词] 公司治理; 技术创新; 实证分析
[中图分类号]F276.7

[文献标识码]A [文章编号]1006- 480X( 2008) 07- 0091- 11

在全球经济一体化步伐不断加快和国际市场竞争日趋激烈的情况下, 如何有效提高我国民族
企业的技术创新能力, 已成为政府、企业与学术界高度关注的一个焦点问题。公司治理是现代企业
制度的核心。公司治理作为一种企业制度安排, 毫无疑问会对企业技术创新产生重要的影响。中国
公司治理如何影响企业技术创新? 影响程度如何? 由于理论和数据的局限, 已有文献对此问题研究
还很薄弱。然而, 从理论上搞清楚这些问题, 对于完善中国公司治理和提高企业技术创新能力有着
重要的意义。基于这种认识, 本文拟利用我国 2005—2007 年 343 家上市公司的数据, 试图通过回归
分析系统地考察中国上市公司治理对企业技术创新能力的影响作用与程度, 并在此基础上提出相

应的政策建议。

自熊彼特提出创新理论以来, 西方众多学者曾从企业规模、市场结构、产业特征、企业家能力以
及财务结构等方面对企业技术创新问题进行了积极的探索, 并积累了大量的文献, 但从公司治理视
角对企业技术创新进行研究的文献还比较少。从已有文献来看, 西方学者主要是从以下几个方面探
讨公司治理与企业技术创新关系的: 一是代 理 冲 突 、 经 营 者 激 励 机 制 与 企 业 技 术 创 新 的 关 系 。

[收稿日期] 2008- 06- 01
[基 金 项 目] 国 家 社 会 科 学 基 金 项 目 “双 重 委 托 代 理 理 论 与 完 善 中 国 上 市 公 司 治 理 ”( 批 准 号 05BJL023) ; 教 育
部人文社会科学规划项目“中国上市公司担保行为研究”( 批准号 05JA790064) ; 西安交通 大 学 “985 工 程 二 期 ”
资助项目( 批准号 07200701) 。
[作者简介] 冯根福( 1957—) , 男, 河南新郑人, 西安交通大学经济与金融学院教授, 博士生导师; 温军( 1978—) ,
男, 内蒙古化德人, 西安交通大学经济与金融学院博士研究生。

91

Wright et al.( 1996) 认为, 代理问题的存在导致经营者主要关心个人财富、职位安全、权力威望以及
个人效用最大化, 因而会严重影响和削弱他们对创新的追求。Jensen and Meckling( 1976) 认为通过
对经营者实行股权、股票期权以及其他与当期业绩挂钩的激励机制安排可以使经营者与所有者的
利益保持一致, 可有效提高经营者对技术创新的支持力度。但 Wiseman and Gomez- Mejia(1998)的
研究却发现由于股权激励的风险下倾原因, 经营者股权激励不能完全解决经营者的风险规避行为,
它的效果要视公司的其他环境而定。二是所有权结构与企业技术创新的关系。Van( 1993)认为, 股权
的适度集中易使所有者控制董事会, 选择能力更强的经营者, 从而有利于促使经营者更加关注企业
的长期发展, 促进企业技术创新战略的决策和实施。三是董事会治理方式与企业技术创新的关系。
Zahra et al.( 2000) 以 1991—1997 年美国制造业中 239 个中等规模的企业数据为样本, 实证发现董
事会规模与企业创新( 产品、过程和组 织 创 新) 存 在 显 著 的 倒 U 型 关 系 。Baysinger et al.( 1991) 、
Zahra( 1996) 、Zahra et al.( 2000) 等学者的实证研究则发现外部董事的比例与企业的研发支出存在
显著的负相关关系。Zahra( 1996) 基于美国大型企业的实证研究发现董事长和 CEO 两职分离与企业
创新存在不显著的正相关关系, 但 Zahra et al.( 2000) 关于中等规模企业的研究却发现董事长和
CEO 两职分离与企业创新水平呈正相关关系。

从公司治理的视角探讨中国企业技术创新能力的文献寥寥无几。究其原因可能有二: 一是国外
从公司治理视角研究企业技术创新能力的文献不多, 可供借鉴的分析方法和研究手段相当有限; 二
是研究所需要的数据搜集相当困难。与已有研究中国公司治理与企业技术创新关系的文献相比( 华
锦阳, 2002; 张宗益, 张湄, 2007) , 本文有这样几个明显的特点: 一是选用的样本数量大; 二是考察的
行业广; 三是把企业多元化水平、企业冗余资源作为控制变量引入了实证分析; 四是把独立董事制
度以及股权分置改革后新出现的有影响的机构投资者、高管股权激励计划等作为重要的影响因素

纳入了实证分析。

一、理论分析与假设提出

技术创新作为企业的重大战略行动, 与特定的公司治理安排有着密切的关系。尽管技术创新在
研究开发、中间测试及市场销售等阶段均存在极大的不确定性, 但同时也可能会给企业带来巨大利
润空间。在这一意义上, 技术创新具有高风险和高收益相并存的特征。由于股东可以通过组合投资
来分散技术创新的风险, 同时又可预期获得高回报, 因而技术创新活动对公司股东而言是富有吸引
力的, 但对公司的经营者来说却并非如此。原因在于技术创新不是服务于企业的短期目标, 而是着
眼于企业的长远利益, 不能获得短期效益; 企业技术创新需要高额的资金投入, 对公司财务的短期
目标会形成较大的压力; 同时, 技术创新的高风险也意味着高失败率。由于经营者的企业任期、报酬
主 要 依 赖 于 企 业 的 当 前 经 营 绩 效, 而 且 经 营 者 无 法 像 股 东 那 样 通 过 组 合 投 资 来 分 散 职 业 风 险
( Alchian & Demsetz, 1972) , 因此, 若没有有效的激励, 经营者内在的进行企业技术创新的动力往往
不足。此外, 新技术、新产品的开发需要新的管理技术和新的企业家能力, 为了管理技术创新引致的
新的不确定性, 他们必须掌握新的技能, 必须进行不断的再学习, 原有的人力资本会发生价值贬损,
这也会增加经营者个人的成本, 削弱他们对创新的追求( Wright et al., 1996) 。因此, 经营者没有承
担高度不确定的创新战略的内在积极性, 而宁愿选择风险较低的战略。这种代理问题的存在不利于
股东获取创新垄断“准租”。为提高企业技术创新的效率, 必须对经营者进行剩余索取权激励。通过
授予经营者剩余索取权, 可以有效实现经营者在技术创新中的剩余索取权与其拥有的剩余控制权
的两权对应, 部分消除技术创新的外部性, 实现外部性的内部化, 提高经营者对技术创新的支持力
度。由此可得以下命题:

H1: 经营者拥有剩余索取权对企业的技术创新存在积极效应。
代理理论认为, 作为对经营者的剩余控制权进行控制的机制之一, 股权结构是解决经营者代理

92

行为的重要制度安排( Jensen & Meckling, 1976) 。在股权高度分散的情况下, 中小股东由于持股比
例很小, 监督收益不足以弥补监督成本, “搭便车”行为是其最优选择, 因而不利于企业技术创新中
代理问题的解决( Francis & Smith, 1995) 。股权的适度集中, 即大股东的存在能够有效地缓解代理
问题。原因是大股东为了自身利益的最大化, 会督促经营者开展技术创新活动, 限制规避风险的多
元化战略, 以企业长期发展为目标进行投资。但股权集中程度的提高, 也会导致大股东资产高度集
中于技术创新企业, 从而不利于技术创新风险的最优配置, 加大大股东承担的风险成本, 这样就会
导致大股东对技术创新支持程度的下降。综合治理成本和风险成本两种因素, 本文认为股权集中度
与企业技术创新之间可能存在“倒 U 型”关系。因此可得以下命题:

H2: 股权集中度与企业技术创新存在“倒 U 型”关系。
不同的大股东由于其监督动力和监督能力的差异, 对企业的技术创新也有不同影响。国有股东
由于经营目标多元化、产权主体虚置、多层委托代理关系的存在, 加之技术创新的专业性、复杂性以
及非程序性特征, 导致国有股东及其代理人的监督动力和监督能力的不足, 易形成严重的内部人控
制现象。给定经营者的风险规避和理性人假定, 内部人控制会带来企业经营目标的短期化, 不利于
企业的技术创新。而个人大股东的产权主体具有明晰性、不存在产权主体缺位问题, 追求利润最大
化也是个人大股东投资企业的主要出发点, 这与技术创新的根本目的在于获取创新准租的经济本
质具有内在的一致性。另外, 个人大股东通常都在其投资的企业担任经营者角色或直接派出代理人
管理企业, 这有利于缓解技术创新的代理问题。根据上述分析可提出以下命题:

H3: 国有持股比例的提高不利于企业的技术创新。
机构投资者是个人投资者的对称, 是指以自有资金或信托资金进行证券投资活动的团体。机构
投资者的信托责任以及大宗持股与“锚定”效应的存在, 使其有积极性参与上市公司的经营管理包
括督促经营者开展技术创新活动, 投资目标的较长期化进一步强化了这种动力机制。机构投资者在
信息搜集方面具有规模经济和比较优势, 这使得机构投资者相对于中小股东投资者而言, 更易于获
得关于企业价值的有效信息, 因而在监督公司经营者方面力量较强。另外, 机构投资者一般都采用
组合投资方式, 这种分散化的投资策略可以大大降低其承担的非系统性风险, 这意味着机构投资者
对企业技术创新的资源支持力度较大。根据以上所述可得以下命题:

H4: 机构持股与企业技术创新存在正相关关系。
董事会是现代公司治理结构的核心。代理理论认为董事会的职能在于代表股东利益对经营者
的决策管理( 方案的提出和执行) 进行决策控制( 方案的批准与监督) , 因此, 如何提高董事会的独立
性就成为董事会治理的关键所在, 独立董事的引入可有效地实现这一目的。而资源理论则强调独立
董事的资源依赖特征, 认为通过引入独立董事, 可以提高董事会技术创新的决策质量。独立董事由
于拥有不同的知识背景和技能经验, 能够扩大内部董事从而扩大董事会的视野, 有利于发现前景良
好的创新机会。企业总是在不确定的环境中运营, 通过引入与外部环境相联系的董事, 企业可以有
效地处理这种不确定性, 帮助公司在很大程度上化解面临的各种危机, 增加企业组织的生存可能
性, 配置更多的资源于创新活动和创造有利于技术创新的社会关系( John & Zahra, 1991) 。另外, 专
家、学者以及其他公司现任或退休高管人员的加盟, 可以为企业提供法律、保险、财务以及公共关系
领域的专业性技能、知识和经验。遵循团队学习的理论逻辑, 内部董事通过对这些知识技能的学习
或吸收, 会创造更多的管理知识, 提高自身的管理能力, 这可以增加企业所面临的生产性集合, 易于
发现更多的技术创新机会, 管理更多的创新活动, 从而提高董事会技术创新能力。根据以上所述可
得以下命题:

H5: 独立董事与企业技术创新存在正相关关系。

93

二、数据来源和变量选择

1. 数据来源
本文参照 2001 年 4 月证监会颁布的《上市公司行业分类指引》的有关规定, 主要以研发活动较
为密集的行业为分析对象, 从中选取分析样本。这些行业依次为化工( 主要包括化学原料及化学制
品制造业、化学纤维制造业等) 、电子( 主要包括电子元件制造、电子器件制造、电子元器件制造业、
电子测量仪器制造业等) 、机械设备仪表制造业( 主要指其中的汽车制造业、航空航天器制造业等) 、
生物医药制品业、信息技术业( 包括通信及相关设备制造业、计算机及相关设备制造业, 通信服务业
等) 以及其主营业务为新能源、新材料的企业。

由于我国现有会计制度并没有强制要求上市公司对外系统披露其 R&D 费用的详细信息, 因
此, 本文关于技术创新的数据是在对 2005—2007 年 1549 家上市公司的财务报表进行详细分析的
基础上获得的。其中 2005 年的年报数据来源于上海证券交易所“上市公司报告”栏目和深圳证券交
易所“上市公司报告”栏目; 而 2006—2007 年的数据则来源于巨潮网的“年度报告”栏目; 2007 年公
司治理各变量值也来自于上市公司年报; 而 2005—2006 年的数据则来自于国泰安数据库。

接下来, 我们按照如下步骤选择披露研发数据的公司样本: ①凡是 2005—2007 年在上市公司
财务报表的“董事会报告”这一节中明确披露研发支出的上市公司均入选, 如大族激光、金智科技、
振华港机、华北制药、中泰化学等。②对于没有披露数据的公司, 2007 年和 2005—2006 年的样本依
据不同的方法筛选。在 2007 年, 由于该年上市公司实行了新会计准则, 增设“开发支出”科目核算企
业内部研究和开发阶段的支出, 故在“开发支出”科目披露研发支出的公司入选, 如一汽轿车等。而
对于 2005—2006 年, 则以“管理费用”为选择基准, 因为按照旧会计准则, 研发支出全部费用化( 期
间费用) 处理, 主要在“管理费用”科目列支, 年底冲减本年利润, 因此, 在“管理费用”科目明确披露
研发支出的公司亦入选, 如双鹭药业、用友软件、人福高科等。此外, 在所选样本中, 还有几个公司在
“预提费用”科目披露研发信息, 如上海汽车等, 这几个企业也包括在内。③参照国内学者的通行做
法, ST、PT 类的公司不包括在上述样本范围内。剔除部分公司治理变量等相关数据缺失的样本, 总
共形成 343 个样本点, 其中 2005 年有 56 个, 2006 年有 74 个, 而 2007 年则有 213 个。值得强调的
是, 上述样本尤其是 2007 年的样本公司主要根据第一种方法获取, 2007 年的 213 个企业有 189 个
企业在“董事会报告”中明确披露研发支出数据, 占比为 89%。

2. 变量选择
( 1) 被解释变量。目前, 理论界采用以下几种方法用来衡量企业的技术创新水平: 一是用创新投
入来衡量。Baysinger et al.( 1991) 、Wu & Tu( 2007) 曾以人均研发支出来度量企业技术创新水平; 而
Hansen and Hill( 1991) 、Berrone et al.( 2007) 则以研销比( 研发支出与销售额的比值) 度量。二是以
创新产出来衡量。Kochhar and David( 1996) 曾以公司开发的新产品数量作为技术创新水平的度量
指标。此外, 也有学者以创新产出的新颖程度来反映。鉴于技术创新成果的可比性较差, 受外生因素
的影响较大, 较少受管理层控制( David et al., 2001) , 所以不宜把创新产出作为被解释变量。但创新
投入却不同, 它主要由企业的经营者或高级管理层决定, 因此企业研发投入状况可作为经营者是否
存在代理行为的良好反映。加之考虑数据的可得性, 故本文以研销比作为企业技术创新的代理变
量, 记为 R_Dint。

( 2) 解释变量。本文以高级管理层持股比例( 高管层持股数与公司总股份数的比例) 作为经营者
剩余索取权的代理变量, 用 MHS 表示。以公司前 5 大股东持股百分比之和度量公司的股权集中度,
用 CR5 表示。本文采用两种方法度量国有持股对企业技术创新的影响。一是以公司前 10 大股东
中, 国家股与国有法人持股的百分比之和度量国有股比例, 表示为 SHS; 二是按照最大股东终极产
权性质, 将公司划分为国有控股( 包括国家控股和国有法人控股) 及非国有控股两类, 用虚拟变量 D

94

表示, 如为国有, 取值为 0, 否则为 1。对于机构持股, 借鉴 Kochhar and David( 1996) 、David et al.
( 2001) 等学者的做法, 本文将机构持股定义为前十大股东中机构持股( 证券投资基金、证券公司、社
保基金、QFII 等, 其中证券投资基金是最主要的部分) 的百分比之和, 用 IHS 表示。按照大多数学者
的做法, 以董事会中独立董事人数占总人数的比来刻画董事会的成员结构, 以 Out_Ratio 来表示。

( 3) 控制变量。一是公司规模。自熊彼特( Schumpeter) 提出创新理论以来, 围绕着“熊彼特假说”,
公司规模就被认为是影响企业技术创新能力的重要变量。有些学者认为大企业比小企业具有更好
的条件且会更为迫切地承担技术创新( Okamuro & Zhang, 2006) , 也有学者如 Arrow( 1962) 等认为
小企业更具创新能力。尽管上述观点存在分歧, 但都认为公司规模对企业的技术创新有重要影响,
因此本文借鉴 Hansen and Hill( 1991) 等学者的做法, 以公司年末营业收入的对数衡量企业规模, 表
示为 lnsales。二是行业特征。行业特征对企业的技术创新有重要影响。不同的行业由于其竞争程度
不同、产品的更新换代以及技术的升级速度表现出很大的差异性, 因而其研发支出规模亦有显著差
异。参照 2001 年 4 月证监会颁布的《上市公司行业分类指引》的有关规定并结合样本的实际情况,
本文在实证研究时, 设置 6 个虚拟变量对公司的行业特征进行相应控制, 虚拟变量的参照行业为机
械、设备、仪表制造业( 不包括汽车制造业) 。这 6 个行业依次为: Ind1, 当公司为化工行业企业时, 取
值为 1, 否则为 0; Ind2, 当公司为电子行业企业时, 取值为 1, 否则取值为 0; Ind3, 当公司所在的行业
为新能源、新材料且与其他虚拟变量不交叉时, 取值为 1, 否则为 0; Ind4, 当公司所在的行业为生物
医药行业时, 取值为 1, 否则取值为 0; Ind5, 当公司为汽车制造业时, 取值为 1, 否则为 0; Ind6, 当公
司所在的行业为信息技术业时, 取值为 1, 否则取值为 0。三是多元化水平。企业的多元化经营被认
为是影响其技术创新水平的重要因素, 从事多元化经营的企业将采用紧的财务控制方式, 对下级业
务单位的业绩进行评价, 这 不 利 于 企 业 的 技 术 创 新( Kochhar & David, 1996) 。 本 文 采 用 收 入 熵

n

( Entropy, EI) 方法衡量企业的多元化水平, 用 Div 表示, 其中 EI 的计算公式为: EI=

i=1!P

i

ln( 1/P
i

) 。式

中 P
i

为公司第 i 个行业收入占总收入的比重。当公司专业化经营时, EI 的值为 0, 公司的多元化水
平 越 高 , 其 值 越 大 。 四 是 冗 余 资 源 状 态 。 公 司 的 冗 余 资 源 状 态 对 其 技 术 创 新 能 力 有 显 著 影 响
( Sanders, 2001) 。本文以三种方式度量企业的冗余资源: ①可利用的冗余资源, 以流动比率及销售营
运资本率( 流动资产减流动负债的差与销售收入的比) 衡量; ②可恢复的冗余资源, 以应收账款与销
售收入的比、存货与销售收入的比、销售费用和管理费用的和与销售收入之比三个指标衡量; ③潜
在冗余资源, 用公司的负债情况, 即资产负债率衡量( Steensma & Corley, 2001) 。本文在进行实证分
析时, 对这三类指标进行因子提取和因子得分处理, 并将上述三类指标的因子得分标准化, 加总得
到冗余资源的度量指标, 以 SLR 表示。

三、实证分析

1. 模型设定
基于以上假设, 本文构造如下多元线型模型来研究公司治理结构如何影响企业的技术创新:

R_Dint
i

=β0

+β1

Div
i

7

+
j=2!βj

Ind
j

+β8

SLR
i

+β9

lnsales
i

+β10

lnsales
i

2 +βM′M

+β′T
i

+εi

i

上述模型中, β1 、β2 —β7 、β8 、β9 、β10

分别为多元化水平、行业特征、冗余资源、公司规模及其平
方对公司研发水平的影响系数; Mi 代表前述解释变量, βM′为其相应影响系数向量; Ti 为以 2005 年
为参照年的一组年度虚拟变量, 以控制年度差异对回归结果的影响, β′为相应系数; εi
为服从数学期
为模型的截距项。本文的实证分析使用 Eviews5.0
望为 0、方差 σ2 为随机扰动项, 即 εi ～N( 0, σ2) ; β0
统计软件进行。

95

2. 变量的描述性统计
表 1 是 2005—2007 年样本公司研发密度变量的描述性统计。由表 1 可以看出, 仅就样本公司
而言, 其研发支出的平均水平偏低, 与发达国家相比, 差距相当明显。据 Hansen and Hill( 1991) 的研
究, 1977—1987 年, 美国电脑、航空、化工、医药四个研发密集行业 129 个企业的平均研发密度就达
0.05。此后, Wahal and McConnell ( 2000) 在研究机构投资者持股与企业创新的关系时, 发现在
1988—1994 各年间, 其样本企业的 R&D 投入分别为 0.059、0.063、0.065、0.068、0.076、0.075、0.072①,
这些值显然远远高于本文的样本企业。考虑到这是美国 20 年前的研发水平, 近年来美中两国企业
的研发密度差距可能会更大。值得强调的是, 样本企业高管持股水平的均值为 0.0671, 这显然高于
张宗益等( 2007) 的统计发现。可能源于样本企业主要以高科技企业为研究对象, 而高科技企业的高
管持股水平较高所致。股权分置改革以来上市公司开始推行高管股权激励计划也可能是造成这一
现象的原因。国有持股比例较高, 均值为 0.2496, 最大值达 0.8383, 相应的股权集中程度也很高。机
构持股比例的最大值为 0.2430, 均值仅为 0.0456, 这一水平远远低于美英国家, 以美国为例, Zahra
( 1996) 的统计表明在 1988—1990 年财富 500 强中的 138 个企业, 机构持股比例就达 35.94%, 并且
这一比例随着机构积极主义的兴起还在继续扩大。样本公司的平均规模为 21.0643, 标准差为 1.3691。
根据收入熵计算的多元化水平的最大值为 1.4121, 而最小值则为 0.0000, 均值为 0.3957, 这一水平
略低于 Wu and Tu( 2007) 计算的 1995—2004 年美国医药、电子、化学和航空四个行业 273 个企业
0.43 的平均水平。高管持股与研发支出的相关系数为 0.106, 其符号与理论预期一致, 但显著性水平
较低。而国有持股、机构持股以及独立董事占比与研发支出的相关系数分布为- 0.211、0.138、0.157,
均在 5%的水平下显著, 与理论分析一致。因此, 初步的统计分析为以上命题提供了有力的支持。

表 1

变量名称

R_Dint
lnsales
Div
SLR
MHS
SHS
IHS
CR5
Out_Ratio

变量的描述性统计

最大值
0.3314
25.3702
1.4121
7.0901
0.7910
0.8383
0.2430
0.9724
0.5714

最小值
0.0003
18.4345
0.0000
- 3.2335
0.0000
0.0000
0.0000
0.1914
0.2222

中值
0.0215
21.8601
0.4887
0.4724
0.0900
0.4018
0.0800
0.5149
0.3333

均值
0.0278
21.0643
0.3957
- 0.0176
0.0671
0.2496
0.0456
0.5524
0.3572

标准差
0.0392
1.3691
0.2784
1.4752
0.1536
0.2441
0.0509
0.1573
0.0426

相关系数

-
- 0.292**
0.0112
0.179**
0.106
- 0.211**
0.138*
-
0.157**

注: ①相关系数表示研发密度与相应变量的相关系数。②**、* 分别表示在 0.01、0.05 的水平下显著。

3. 回归结果分析
表 2 是模型回归分析结果。模型 1 考察了控制变量对企业研发支出的影响, 模型 2、3、4、5 以及
模型 6 则分别考察了经营者持股、股权结构、股东属性以及独立董事占比与企业研发密度的关系。
各模型的拟合优度依次为 0.309、0.303、0.313、0.339、0.351 和 0.354, 相应 F 统计量的显著性水平均
为 0.000, 且各模型的方差膨胀因子 VIF 和 D- W 检验表明模型不存在多种共线性和序列相关问题,
因此模型取得了较好的拟和效果。

与理论预期相同, 企业的多元化水平与其研发密度存在反相关关系, 自变量的系数在各模型中

① 这两篇文献的研发密度与本文的衡量口径相同, 为研发支出与销售收入的比率。其中, 后一篇文献统计的

是研发密集行业和非密集行业的平均值。

96

表 2

公司治理与企业技术创新的回归结果

β0

Div

SLR

Ind1

Ind2

Ind3

Ind4

Ind5

Ind6

lnsales

lnsales2

MHS

CR5

CR5sqr

D

SHS

IHS

Out_Ratio

AdjR2
F 值

模型 1
0.017**
( 0.032)
- 0.017*
( 0.061)
0.001*
( 0.091)
0.004
( 0.621)
0.015**
( 0.037)
0.011*
( 0.094)
0.011*
( 0.089)
0.010
( 0.208)
0.048***
( 0.000)
- 0.007***
( 0.000)
0.004***
( 0.000)

模型 2
0.02**
( 0.011)
- 0.013*
( 0.075)
0.001
( 0.104)
0.003
( 0.674)
0.014**
( 0.026)
0.011*
( 0.094)
0.012*
( 0.074)
0.010
( 0.242)
0.047***
( 0.000)
- 0.008***
( 0.000)
0.004***
( 0.000)
0.009
( 0.502)

模型 3

- 0.024
( 0.26)
- 0.012*
( 0.072)
0.002*
( 0.073)
0.005
( 0.534)
0.014**
( 0.042)
0.012*
( 0.082)
0.015*
( 0.083)
0.010
( 0.198)
0.048***
( 0.000)
- 0.006***
( 0.000)
0.004***
( 0.000)

0.0018**
( 0.015)
- 0.0002**
( 0.020)

模型 4

- 0.006
( 0.477)
- 0.012*
( 0.072)
0.001*
( 0.092)
0.007
( 0.385)
0.013*
( 0.053)
0.01
( 0.116)
0.012*
( 0.069)
0.013
( 0.084)
0.050***
( 0.000)
- 0.006***
( 0.000)
0.004***
( 0.000)

模型 5
0.017**
( 0.033)
- 0.015*
( 0.069)
0.001
( 0.108)
0.007
( 0.382)
0.014**
( 0.045)
0.011*
( 0.091)
0.009
( 0.145)
0.011
( 0.157)
0.046***
( 0.000)
- 0.007***
( 0.000)
0.004***
( 0.000)

0.012***
( 0.005)

0.001**
( 0.011)

- 0.0007***
( 0.01)
0.0008**
( 0.011)

0.309
11.948***

0.303
11.899***

0.313
12.108***

0.339
13.835***

0.351
13.737***

模型 6

- 0.093***
( 0.000)
- 0.013*
( 0.069)
0.001*
( 0.092)
0.006
( 0.439)
0.015**
( 0.047)
0.01
( 0.13)
0.008
( 0.234)
0.012
( 0.117)
0.046***
( 0.000)
- 0.007***
( 0.000)
0.007***
( 0.000)

0.126***
( 0.004)
0.354
13.504***

注: ①括号内数字为相应统计量的概率 P 值。②VIF 和 D- W 检验表明模型不存在多种共线性和序列相关问题, 但 White 检验
显示 模 型 存 在 异 方 差 , 据 此 本 文 对 异 方 差 进 行 了 相 应 处 理 。 此 外 , 年 度 虚 拟 变 量 系 数 均 不 显 著 , 限 于 篇 幅 , 该 结 果 未 能 列
出 。③*** **、* 分别表示相应系数在 0.01、0.05、0.1 的水平下显著。

均为负值, 但显著性水平较低, 仅在 0.1 的水平下显著。企业拥有较为丰富的冗余资源可以有效地
缓冲技术创新对短期财务目标的压力, 这对技术创新有积极效应, 表 2 中各模型均证实了这一点。
行业特征变量中, Ind2、Ind3、Ind6 在各模型中的系数在 0.05、0.10、0.01 的水平下显著且均为正值,
而拟合的系数却不显著。Ind4 的回归结果较为冲突, 6 个模型中 4 个回归系数在 0.1 的水平下显著,
而另外 2 个模型则不显著。这表明电子、新能源、新材料、信息技术业以及生物医药的研发水平要显
著高于机械、设备、仪表制造业这一技术创新水平较为普通的行业, 而化工、汽车制造则没有表现出
这种特征, 换言之, 其研发水平与参照行业没有显著差异。值得强调的是, 公司规模变量 lnsales 在模

97

型 1、2、3、4、5、6 的系数依次为- 0.007、- 0.008、- 0.006、- 0.006、- 0.007、- 0.007, 且各系数在 1%的水
平下均显著, 而其二次项 Lnsales2 的系数也呈现出同样的特征且系数均为正值, 这表明公司规模与
企业技术创新并非是单调递增或单调递减关系, 而是存在 “U”型关系。企业规模越大越有利于技术
创新, 而同时较小规模的企业亦有利于技术创新, 这一发现与 Kleinkneht( 1989) 的研究结论相同。

模型 2 中经营者持股变量 MHS 的系数为 0.009, 其符号与理论预期相同, 但概率 P 值却仅为
0.502, 即使在 10%的边际水平下也无法通过显著性检验。结合描述性统计分析的结果, 可以发现经
营者持股对企业的技术创新没有显著影响。模型 3 中, CR5 的系数为 0.0018, 概率 P 值为 0.015; 而
对于 CR5 的平方项即 CR5sqr, 其在模型 3 的系数为- 0.0002, 符号为负, 概率 P 值为 0.02。因此, 股权
集中度与企业技术创新存在“倒 U 型”关系的命题 H2 得到支持。而且就样本公司而言, 当前 5 大股
东持股比例在 45%左右时, 其研发投入水平最高, 技术创新能力最强。

本文的理论分析认为国有持股比例与企业技术创新存在负相关关系, 这一点通过模型 5 中系
数为- 0.0007, 显著性水平为 1%的国有持股比例变量 SHS 的回归结果得到了证明。本文根据第一大
股东的性质, 还将其划分为国有和非国有两类, 考察其与技术创新的关系。模型 4 的回归发现大股
东性质变量 D 的系数为正值, 且在 1%的水平下显著, 这表明国有控股企业的技术创新投入要低于
非国有控股企业, 实证结果与理论预期仍保持了一致。对于机构持股变量, 模型 4 的回归系数为
0.001, 概率 P 值为 0.011, 在 5%的水平下高度显著, 模型 5 也呈现了同样的结果, 因此, 机构持股对
企业的技术创新存在积极效应的命题 H4 得到了支持。而对于独立董事占比变量, 其在模型 6 中的
系数为0.126, 相应的概率 P 值则为 0.004, 在 1%的水平下高度显著。这表明独立董事的监督效应和
资源依赖效应确实推动了企业的技术创新, 命题 H5 得到实证的支持。

4. 稳健性检验
为了保证结论的可靠性, 我们以 2005—2007 年连续披露研发信息的 198 个企业年数据为样
本, 进行稳健性检验, 结果见表 3。面板数据的回归结果与前文混合截面数据的回归结果并没有实
质性的区别, 模型的拟合优度和值有所增加, 这反映了面板数据的优势。高管持股变量仍不显著, 在
10%的水平下亦无法通过显著性检验。但股权集中度变量的显著性水平有所下降, 这可能源于面板
数据的各企业间差异较小, 而且同一企业各年间股权结构无显著变化所致, 但是回归结果在 10%的
水平下仍然显著。股东属性、机构持股以及独立董事变量的回归结果仍然有力支持了命题 H3、H4
和 H5。

从多元线性回归和固定效应模型的回归结果可知, 命题 H1 并没有得到实证的有力支持。原因
可能在于经营者的持股水平偏低并且数据分布出现集聚现象。以 2005—2007 年混合截面数据为
例, 343 个企业中有 184 家企业经营者不持股, 占 53.64%, 持股水平低于 0.0001 的企业为 58.14%,
而持股高于 0.02 的企业占比则为 12.53%。较低的持股比例很难激励经营者积极推动充斥着高风险
和不确定性的技术创新活动, 而且数据集聚也容易使回归结果不显著。股权集中度与企业技术创新
的“倒 U 型”关系得到实证支持, 过度集中或过度分散的股权结构并不利于企业的技术创新, 而且国
有持股比例的提高对企业技术创新确实存在消极影响。机构投资者持股对企业的技术创新存在显
著的积极效应, 这与国外学者如 Hansen and Hill( 1991) 、Kochhar and David( 1996) 等的发现一致。
近年来, 随着我国机构投资者的快速发展, 其持股比例不断提高, 截至 2006 年底, 根据中国证监会
网站披露的信息, 机构持股占流通股的比例已达 37%左右, 机构大宗持股的“锚定”效应开始发挥作
用。此外, 2002 年 7 月及 2003 年 8 月发生的中兴通讯 H 股事件和招商银行可转债事件都表明我国
机构投资者已开始积极参与上市公司的治理, 因此, 本文的发现既具有理论上也具有实证上的合理
性。命题 H5 认为独立董事占比与企业技术创新存在正相关关系, 实证分析对此提供了有力支持。该
结果与现有的其他研究并不一致。现有研究结论主要分为两种: 一是独立董事比例与企业的技术创
新存在负相关关系, 如 Baysinger et al.( 1991) 、Zahra et al.( 2000) 等; 二是独立董事比例与企业的

98

表 3

公司治理与企业技术创新的面板数据估计

Div

SLR

Ind1

Ind2

Ind3

Ind4

Ind5

Ind6

lnsales

lnsales2

MHS

CR5

CR5sqr

D

SHS

IHS

Out_Ratio

AdjR2
F 值
year

模型 1

- 0.016
( 0.197)
0.01**
( 0.035)
0.011
( 0.391)
- 0.003
( 0.806)
0.004
( 0.781)
0.017**
( 0.028)
0.013
( 0.289)
0.078***
( 0.000)
- 0.01***
( 0.000)
0.006***
( 0.000)
0.022
( 0.306)

模型 2

- 0.021
( 0.103)
0.01**
( 0.034)
0.013
( 0.328)
- 0.002
( 0.879)
0.003
( 0.768)
0.014**
( 0.035)
0.014
( 0.254
0.071***
( 0.000)
- 0.009***
( 0.000)
0.006***
( 0.000)

0.001**
( 0.041)
- 0.00012*
( 0.091)

模型 3
- 0.019*
( 0.085)
0.008*
( 0.058)
0.012
( 0.317)
- 0.003
( 0.887)
0.003
( 0.757)
0.014**
( 0.034)
0.014
( 0.273)
0.074***
( 0.000)
- 0.009***
( 0.000)
0.006***
( 0.000)

0.018***
( 0.001)

模型 4

- 0.021
( 0.101)
0.007*
( 0.061)
0.012
( 0.201)
- 0.002
( 0.854)
0.004
( 0.697)
0.014**
( 0.039)
0.014
( 0.215)
0.08***
( 0.000)
- 0.01***
( 0.000)
0.007***
( 0.000)

模型 5
- 0.023*
( 0.094)
0.006*
( 0.052)
0.013
( 0.345)
- 0.006
( 0.641)
0.004
( 0.711)
0.017**
( 0.029)
0.013
( 0.279)
0.074***
( 0.000)
- 0.01***
( 0.000)
0.006***
( 0.000)

- 0.001***
( 0.004)

0.002***
( 0.001)

0.499
20.102***

Yes

0.514
21.562***

Yes

0..526
22.279***

Yes

0.525
22.224***

Yes

0.528
22.462***

Yes

模型 6
- 0.027*
( 0.09)
0.007**
( 0.043)
0.013
( 0.333)
- 0.006
( 0.632)
0.005
( 0.799)
0.014**
( 0.033)
0.014
( 0.171)
0.068***
( 0.000)
- 0.01***
( 0.000)
0.006***
( 0.000)

0.158***
( 0.001)
0.538
21.996***

Yes

注: 1.*** **、* 分别表示相应系数在 0.01、0.05、0.1 的水平下显著。

技术创新不存在相关性, 如 David et al.( 2001) 。但很少有文献发现独立董事占比与企业的技术创
新存在正相关关系( 杨建君, 刘刃, 2007) 。造成这种差异的原因有多种, 除了样本选取、指标设置、研
究方法的差别外, 企业内部组织环境的差异也应该考虑在内。尽管独立董事的引入有利于提高董事
会的独立性并为企业带来资源, 但独立董事的监督效应同样受边际收益递减规律的约束, 而且资源
依赖本身也存在协同效应, 因此, 适度比例的独立董事与企业的技术创新存在正相关关系, 而过高
比例的外部董事则会体现相反的特征。现有的实证文献主要以美国企业为研究对象, 由于文化、政
治、社会和 公 司 治 理 本 身 的 原 因, 美 国 独 立 董 事 在 董 事 会 的 占 比 很 高, 据 Zahra( 1996) 的 考 察, 在
1988—1990 年间, 美国财富 500 强中的 138 个企业其独立董事的比例达 62%。此后, Zahra( 2000) 关

99

于中小企业的研究也发现, 在 1991—1997 年这一比例增加到 67%。而在 1998 年, 几乎 25%的企业
仅有 1 个内部董事即 CEO。而目前我国上市公司独立董事的占比较低, 其平均值为 35.72%。这可能
是导致本文的实证发现与已有文献存在差异的原因所在。

四、主要结论与政策建议

本文以 2005—2007 年 343 家中国上市公司为样本, 考察了公司治理之经营者持股、股权结构
以及独立董事对企业技术创新的影响。本文的主要发现和结论是: ①经营者持股与企业技术创新存
在正相关关系, 但这种发现并不具有统计上的显著性; ②股权集中度与企业技术创新存在“倒 U 型”
关系, 适度集中的股权结构更有利于企业技术创新, 当前 5 大股东持股比例在 45%左右时, 其研发
投入水平最高, 技术创新能力最强; ③国有持股比例( 包括国有股和国有法人持股) 与企业技术创新
存在反相关关系, 国有持股比例越高, 技术创新能力越低; ④以证券投资基金为主的机构投资者对
企业技术创新有显著的积极效应, 机构持股比例越高, 技术创新能力越强; ⑤独立董事制度与企业
技术创新存在正相关关系, 董事会中独立董事占比较高的企业技术创新投入明显高于独立董事占

比较低的企业。

本文的发现和结论具有重要的政策含义。从公司治理的视角看, 为了提高中国上市公司的技术
创新能力, 有必要从以下几个方面进一步完善中国的上市公司治理: 一是加快推行上市公司高管人
员股权激励计划, 适当加大高管人员持股比例; 二是积极完善上市公司的股权结构, 既要防止过度
集中, 又要避免过于分散; 三是进一步降低国有股的持股比例, 尽快改善国有股“一股独大”的格局;
四是积极发展证券投资基金, 壮大证券投资基金队伍和实力; 五是继续完善上市公司的独立董事制
度, 加大董事会中独立董事和外部董事的比重。

应该强调的一点是, 限于篇幅, 本文主要探讨了中国上市公司内部治理与企业技术创新的关

系, 至于公司外部治理与企业技术创新的关系, 容作者另文进行阐述。

〔参考文献〕

〔1〕Shaker A. Zahra, et al. Entrepreneurship in Medium- size Companies: Exploring the Effects of Ownership and

Governance Systems[J]. Journal of Management, 2000, ( 26) .

〔2〕Alchian, A.A., and Demsetz, H. Production Information Cost, and Economic Organization [J]. American Economic

Review, 1972, ( 62) .

〔3〕Wright et al. Impact of Corporate Insider, Blockholder and Institutional Equity Ownership on Firm Risk Taking

[J]. Academy of Management Journal, 1996, ( 39) .

〔4〕Jensen, M. and Meckling, W. Theory of

the Firm: Managerial Behavior, Agency Costs,

and Ownership

Structure[J]. Journal of Financial Economics, 1976, ( 3) .

〔5〕Francis,

J. and Smith, A. Agency Costs and Innovation: Some Empirical Evidence [J]. Journal of Accounting

and Economics, 1995, ( 19) .

〔6〕Hiroyuki Okamuro and Jian Xiong Zhang. Ownership Structure and R&D Investment of Japanese Start- up Firms

[R]. Center for Economic Institutions Working Paper Series. Hitotsubashi University, 2006.

〔7〕John. A Pearce and Shaker A. Zahra. The Relative Power of CEOs Boards of Directors: Assocation with

Corporate Performance[J]. Strategic Management Journal, 1991, 12, ( 2) .

〔8〕Baysinger B. D., Kosnik R. D. and Turk T.A. Effects of Board and Ownership Structure on Corporate R&D

Strategy[J]. Academy of Management Journal, 1991, ( 34) .

〔9〕Jian Feng Wu and Rungting Tu. CEO Stock Option Pay and R&D Spending: A Behavioral Agency Explanation

[J]. Journal of Business Research, 2007, 60( 5) .

〔10〕Hansen, G. S. and Hill, C.W.L. Are Institutional Investors Myopic? A Time- series Study of Four Technology-

100

Driven Industries[J]. Strategic Management Journal, 1991, ( 12) .

〔11〕Pascual Berrone,

Jordi Surroca and Josep A. Tribó. The Influence of Blockholders on R&D Investments
Intensity: Evidence From Spain [R]. Departamento de Economía de la Empresa Universidad Carlos III de
Madrid, Working Paper, 2007.

〔12〕Kochhar, R.and David, P.

Institutional

Investors and Firm Innovation: A Test of Competing Hypothesis [J].

Strategic Management Journal, 1996, ( 17) .

〔13〕Parthiban David, Michael A. Hitt and Javier Gimeno. The Influence of Activism by Institutional Investors on

R&D[J]. The Academy of Management Journal, 2001, ( 44) .

〔14〕Arrow, K. J. The Economic Implications of Learning by Doing[J]. Review of Economic Studies, 1962, 29( 3) .
〔15〕Monks, Robert and Nell Minow. Corporate Governance[M]. Blackwell Publishers, 2001.
〔16〕Sanders W. G. Behavioral Responses of CEOs to Stock Ownership and Stock Option Pay [J]. The Academy of

Management Journal, 2001, 44( 1) .

〔17〕Steensma H. K and Corley K. G. Organizational Context as A Moderator of Theories on Firm Boundaries for

Technology Sourcing[J]. The Academy of Management Journal, 2001, 44( 2) .

〔18〕Wahal, S. and McConnell,

J. J. Do Institutional

Investors Exacerbate Managerial Myopia [J]. Journal of

Corporate Finance, 2000, ( 6) .

〔19〕Shaker A. Zahra. Goverance, Ownership, and Corporate Entrepreneurship: The Moderating Impact of Industry

Technological Opportunities[J]. The Academy of Management Journal, 1996, ( 39) .

〔20〕Kleinekneht, A. Firm Size and Innovation[J]. Small Business Economics, 1989, 1( 1) .
〔21〕Wiseman, R. M.and Gomez- Mejia, L . A Behavioral Agency Model of Managerial Risk Taking[J]. Academy of

Management Review, 1998, ( 23) .

〔22〕张宗益, 张湄. 关于高新技术企业公司治理与 R&D 投资行为的实证研究[J]. 科学学与科学技术管理, 2007, ( 5) .
〔23〕杨建君, 刘刃. 外部董事数量与企业技术创新决策关系[J]. 科学学与科学技术管理, 2007, ( 6) .
〔24〕华锦阳. 试论公司治理对企业技术创新的影响[J]. 自然辩证法通讯, 2002, ( 1) .

An Empir ical Study on Relationship between Cor por ate Gover nance and

Technical Innovation of Chinese Listed Companies

FENG Gen- fu, WEN Jun

( School of Economics and Finance of Xi'an Jiaotong University, Xi’an 710061, China)

Abstr act:

innovation, but

innovation,

that

it has no statistical significance;

This paper empirically studied the relationship between corporate governance and technical
innovation basing on the relevant data of 343 Chinese listed companies from the year 2005 to 2007. Main findings
there is a positive correlation between managerial stock ownership and
and conclusions of this paper are as follows:
technical
there is an inverted U - shaped relationship between
ownership concentration and technical
is, appropriate concentrated ownership structure is benefical
to technical innovation;
technical innovation is negatively associated with the stateholding share proportion including
the proportions of state- owned share and national legal share,
the higher proportion of stateholding
that is to say,
investors mainly composed of securities investment
share,
funds have a significant positive effect on technical
the higher proporation of
there is a positive relationship between
institutional
independent director system and technical
innovation in the company
with higher proportion of independent director is significantly larger than that of company with lower proportion of
independent director. According to the above conclusions,
this paper put forward some policy suggestions on how to
enhance technical innovation capacity of Chinese listed companies from the perspective of corporate governance.

the stronger of technical
innovation,

the lower of technical

innovation capacity;

the input of technical

innovation capacity;

innovation,

in other words,

institutional

that

is,

investor share,

Key Wor ds:

corporate governance;

technical innovation; empirical study

〔责任编辑: 高粮〕

101

"
1,ref_KL\中国产业政策与企业技术创新_余明桂.pdf,"DOI:10.19581/j.cnki.ciejournal.2016.12.002

2016年第12期中国产业政策与企业技术创新余明桂，范蕊，钟慧洁[摘要]本文利用中央“五年规划”对一般鼓励和重点鼓励产业规划的信息，采用手工收集的2001—2011年上市公司及其子公司的专利数据，检验了中国产业政策对企业技术创新的影响。研究发现，产业政策能显著提高被鼓励行业中企业发明专利数量，并且这种正向关系在民营企业中更显著。这说明产业政策可以促进企业创新，尤其是民营企业的技术创新。另外，与一般鼓励相比，产业政策对重点鼓励行业中企业技术创新的影响更大。进一步地，本文检验了产业政策对企业技术创新的具体影响机制，发现产业政策能够通过信贷、税收、政府补贴和市场竞争机制促进重点鼓励行业中企业的技术创新，尤其是民营企业的技术创新。同时，产业政策能够通过市场竞争机制促进一般鼓励行业中企业的技术创新，但是政府补贴、信贷和税收机制的作用不显著。本文丰富和拓展了产业政策有效性和企业创新的相关研究。同时，本文研究表明，政府应该逐步消除民营企业面临的各种政策歧视，采取合理的产业政策手段来推动产业结构优化升级和促进经济增长方式转变。[关键词]产业政策；企业创新；银行信贷；财政手段；市场竞争[中图分类号]F260[文献标识码]A[文章编号]1006-480X（2016）12-0005-18一、问题提出产业政策①作为国家对产业形成和发展进行干预的各种政策的总和，在世界各国得到长期且广泛的运用，但关于产业政策的有效性，学术界和实务界一直存在争议②。其中，支持者从外部性协调等角度，认为产业政策是不可或缺的；反对者基于人类认知局限性和激励机制的扭曲，认为产业政[收稿日期]2016-10-26[基金项目]国家自然科学基金面上项目“业绩考核制度与企业创新：基于央企高管业绩考核制度修订的理论与实证研究”（批准号71672134）；国家自然科学基金青年项目“薪酬差距、国有企业创新与投资效率研究”（批准号71502161）；国家自然科学基金面上项目“民营化、风险承担与企业绩效研究”（批准号71372126）。[作者简介]余明桂（1974—），男，四川成都人，武汉大学经济与管理学院教授，博士生导师；范蕊（1990—），女，湖北钟祥人，武汉大学经济与管理学院博士研究生；钟慧洁（1989—），女，山东聊城人，武汉大学经济与管理学院博士研究生。通讯作者：余明桂，电子邮箱：mingyu@whu.edu.cn。感谢匿名评审专家和编辑部老师的宝贵意见，当然文责自负。①关于产业政策的定义，不同学者有不同的界定。一般来说，产业政策有广义和狭义之分。前者主要是指政府实施的所有关于产业的政策，其代表学者有下河边淳、阿格拉、菅家茂等。后者主要是指具体部门针对特定产业实施的政策，代表学者有小宫隆太郎等。②目前，围绕产业政策的利弊得失，国内学术界再次展开了激烈的争论，主要代表有林毅夫和张维迎。而随着学术界关于产业政策的热议，国家发展和改革委员会的新闻发言人也给出了几点正式回应。5策是无效的；还有一些学者认为，产业政策是否必要并不是问题，产业政策的施政选择才是重要的问题①。Robinson[1]指出，目前关于“产业政策”的争论仅有很好的规范性理论，实证理论研究还相当缺乏。因此，从实证角度检验产业政策实施的长期效果，梳理其作用机制是一个亟需研究的工作。中国是一个推行产业政策较多的国家，产业政策实施的影响涉及国民经济的各个方面[2]。已有实证研究发现，产业政策会通过鼓励、限制或者淘汰的方式，引导企业进行融资、投资、生产和兼并重组[3-6]，短期内改变行业产出水平和产业生产率[7]。然而，这些研究侧重于分析和检验产业政策实施的短期效果。随着中国经济进入“新常态”发展阶段，靠要素投入和投资驱动经济的粗放式增长所积累的矛盾日益凸出，并逐渐成为经济持续发展的瓶颈[8]，中国经济增长面临从要素驱动型模式向创新驱动型模式转变的重要历史时刻。研究表明，创新不仅能够改变企业的生产方式，提高生产效率，促进企业快速发展[9]，而且能够推动新兴产业发展和技术升级，促进产业链不断完善，并带动关联产业发展[10]，进而促进经济可持续增长[11]。企业作为创新活动的重要主体，不仅效率高、成本低，而且创新点多样[12]。因此，本文拟从企业创新的角度，实证研究产业政策实施的长期效果和作用机制。然而，中国产业政策能否促进企业的创新是一个难以简单判断的问题。一方面，理论上，产业政策对企业技术创新可能存在促进和抑制两种截然相反的效应。另一方面，实证研究中，衡量产业政策具有一定难度。现有少数文献尝试通过解读国家颁布的产业政策法规，定义产业政策激励虚拟变量来综合考察产业政策的影响[3-5，7，13]。同时，由于实证分析中可能存在的时序性和遗漏变量等问题，仅利用产业政策激励虚拟变量很难很好地建立产业政策与企业技术创新之间的直接联系。此外，产业政策实施的手段有很多，包括直接干预手段、间接诱导、信息指导等，究竟产业政策是通过何种渠道来影响企业创新，也需要进行清晰地梳理和实证检验。为解决上述问题，本文利用《中华人民共和国国民经济和社会发展第十一个五年规划纲要》（简称“十一五”规划）对鼓励行业规划的调整，采用混合回归和双重差分估计检验产业政策对企业技术创新的直接影响。检验发现，产业政策能显著提高被鼓励行业中企业的研发投入和发明专利数量，并且产业政策与企业发明专利数量的正向关系在民营企业中更显著。这说明产业政策可以促进企业创新，尤其是民营企业的技术创新。另外，相对于一般鼓励，产业政策对重点鼓励行业中企业的技术创新影响更大。进一步地，本文从产业政策的实施手段出发，构建了产业政策对企业技术创新影响的理论框架，并尝试对理论框架中的信贷机制、税收机制、政府补贴机制以及市场竞争机制进行实证检验。研究发现，产业政策能够通过信贷、税收和政府补助和市场竞争四种机制促进重点鼓励行业中企业的技术创新，尤其是民营企业的技术创新。同时，产业政策能够通过市场竞争机制促进一般鼓励行业中企业的技术创新，但是信贷、税收和政府补贴机制的作用不显著。本文的贡献主要体现在以下三个方面：①丰富了有关企业创新直接影响因素的研究。国内外文献表明影响企业创新的直接因素很多[14-16]，但是鲜有文献研究产业政策与企业创新的直接因果关系②。本文利用中央“十一五”规划对制造业中鼓励行业规划的调整，选取实验组和控制组进行双重差分①关于支持者和反对者的观点，可参见2016年11月9日林毅夫和张维迎关于产业政策的公开辩论（http：//money.163.com/16/1109/23/C5FGPPA1002580S6.html）。持有第三种观点的代表学者是聂辉华（http://www.bjnews.com.cn/opinion/2016/09/19/417226.html）。②付明卫等[17]以中国风电制造业为样本，利用双重差分估计和三重差分估计，分析“国产化率保护”（DCP）政策对自主创新的直接影响。因此，付明卫等[17]针对特定行业和特定政策的研究，无法综合考察产业政策激励对企业技术创新的影响。余明桂等：中国产业政策与企业技术创新62016年第12期估计分析，发现产业政策能够促进企业技术创新。本文从国家战略层面的产业规划调整的视角，为企业创新的直接影响因素提供一定的新证据。②尝试通过混合回归和双重差分估计等方法，识别和检验产业政策对企业创新的直接促进效应以及影响机制。这不仅为澄清产业政策有效性的争议提供新的微观层面的经验证据，而且为经济“新常态”下政府通过合理的产业规划来优化资源配置，促进产业结构优化升级和经济持续发展提供一定依据。③实证检验了产业政策的影响机制，发现产业政策对企业创新促进效应在民营企业中更显著。产业政策能够通过市场竞争机制促进一般鼓励行业中企业的技术创新，但是信贷、税收和政府补贴机制作用不显著。这些研究发现为政府进一步深化改革，逐步消除民营企业面临的各种政策歧视，采用合理的产业政策手段来推动产业结构优化升级、促进经济增长方式转变，提供一定的依据。二、理论框架与研究假设1.理论框架中国是一个推行产业政策较多的国家。改革开放以来，中国虽然逐步放松管制，强调利用市场机制，但是其产业政策在很大程度上仍然延续了以前政府干预的传统。“选择性产业政策”或者“重点产业政策”仍然是产业政策的重点[2]，其思想主要体现在每隔五年颁布的“五年规划”中。具体而言，“五年规划”会对全国重大建设项目、生产力分布和国民经济重要比例关系进行规划和布局，并制定出不同产业的发展和结构调整目标。在“五年规划”的指导下，各地方政府、各职能部门会相应出台各种纲领性产业政策和具体的产业政策，同时采取包括目录指导，税收优惠，土地、信贷等补贴，工业园、出口加工区，R&D中的科研补助，经营特许权，政府采购等措施来强化这些产业政策。因此，本文从政府实施的产业政策手段出发，构建了产业政策影响企业创新的机制框架。为了配合产业政策的实施，政府会采取多种措施，大致可以分为直接干预和间接引导。其中，直接干预主要包括目录指导、市场准入、项目审批和核准、技术管制、环境保护管制和生产安全管制等措施。直接干预中政府对市场准入和投资项目的审批等措施，会影响企业进入和退出的门槛，改变行业内市场竞争水平，进而通过市场竞争机制影响企业创新的投入和激励。另外，直接干预中对信贷、土地等资源的审批，也会影响财政政策和金融政策发挥作用。江飞涛和李晓萍[2]指出，是否获得投资核准是政府严控土地和贷款的唯一标准。政府也会通过财政手段、金融政策等间接引导的方式保证产业政策的实施。其中，财政手段不仅能够通过对创新投入设备的加速折旧、研发费用的加计扣除等税收手段直接影响企业创新活动，而且还能够通过政府补贴、税收优惠等手段改变企业创新活动面临的融资约束，进而影响企业创新。配合产业政策目标而实施的金融政策主要包括银行信贷政策、股票市场首次发行上市和再融资政策等。这些政策不仅会直接影响企业创新活动所面临的融资约束，而且会改变企业创新活动的外部经济环境。2.竞争性假设的提出（1）产业政策的创新促进效应。创新活动是一个时间长、个体风险大、不确定性强，而且失败率很高的复杂过程[15]，需要有大量的资金支持[18]。但是不同于普通投资，企业创新的正外部性、高风险性以及投入产出的高不确定性等异质性特征，大大限制了企业创新活动的融资能力。此外，Manso[19]指出，除了面临严重的资源约束，企业创新还存在严重的激励不足问题。基于上述理论框架，本文认为产业政策会通过财政、税收、金融、行政管制等手段，从以下几个方面缓解企业创新资金约束以及激励不足等问题，进而促进企业创新：7第一，为实现“五年规划”中的发展目标，政府会放松对鼓励性行业的银行信贷审批以及股票市场IPO和再融资资格的审批，将大量资源引向被鼓励行业，进而缓解企业创新活动面临的融资约束。陈冬华等[3]发现，受到产业政策支持的行业的IPO融资金额、股权再融资机会和长期贷款都显著高于其他行业。除了直接干预信贷、资本市场上资源的配置，产业政策还会通过改变经济环境预期、资本成本、信息环境等来影响企业创新面临的外部融资环境[20]，进一步缓解企业创新活动面临的外部融资约束。第二，一般而言，产业政策鼓励的行业是税收激励的主要对象。据统计，针对电子制造、生物医药等产业政策鼓励的行业的税收激励政策大致占所有税收激励政策的25%[21]。税收激励会实施直接减免、对创新投入设备的加速折旧、研发费用的加计扣除等优惠政策。这些措施不仅会直接降低企业创新活动的边际成本[22]，而且能减少创新活动过程中的现金流出量，促使企业不断积累内部资金，提高创新活动的内源融资能力[23]。企业内部现金的增加会帮助企业抓住更好的创新项目，使得企业能够更好地在市场上与对手展开竞争。第三，为实现产业结构调整的目标，政府也会给予鼓励性行业大量的政府补贴①。已有研究表明，政府补贴能够缓解企业创新面临的资源约束，降低企业自身创新活动的边际成本，分散企业创新活动的风险[24-26]。周亚虹等[27]发现，在产业起步阶段，政府补贴等扶持能够提供企业发展初期的资产，降低产能成本，使其具有更大的盈利优势，投资回报率的提高会改善企业创新激励不足的问题。第四，为促进鼓励产业的发展，政府可能会放松对鼓励产业的投资项目审批和市场准入限制，使更多的企业能够进入，增强被鼓励行业的市场竞争度。企业要想在竞争市场中继续生存，获得超额利润，必须不断进行创新。此外，为促进鼓励产业的发展，政府还会直接设立研究机构从事研发活动或者与企业合作进行创新，进而刺激企业增加科技投入，引导企业跟随模仿，加速创新成果产业化的步伐。同时，政府会联合其他部门，建立信息披露机制，为企业提供有关行业发展规模、市场需求等公共信息。这样会降低企业收集创新项目的信息成本，优化企业创新决策，进而激励企业创新。基于以上分析，本文提出：H1：产业政策会提高被鼓励行业中企业的技术创新水平。（2）产业政策的创新抑制效应。尽管产业政策可能帮助企业获得大量创新活动所需要的资源（例如贷款、税收、信息等），改善企业创新激励和创新投入不足的状况。但是，产业政策仍然可能从以下几个方面抑制企业的创新：第一，一个地区或部门资源禀赋会影响该地区或部门经济增长率、就业水平以及寻租腐败等行为[28]。基于资源诅咒效应的逻辑，尽管产业政策会给被鼓励的企业带来更多的信贷、税收、财政补贴以及IPO融资等资源，但是丰富的资源也可能导致更多的寻租活动，进而造成资源浪费，降低企业创新激励[29]。中国作为一个新兴转型经济体制的国家，相关正式制度没有完全建立，政府依然掌握重要资源的分配权，寻租活动更容易发生[30]。如果政府的资源分配权很大，而提升和维护产品品质优势很困难，企业将热衷于寻求政治关联而不是能力建设[31]。为建立和维持政治联系，企业将付出高额寻租成本，进而挤占企业用于创新活动的资源，抑制企业创新[32]。第二，为促进产业结构变化，产业政策向鼓励性行业提供信息补充以及信贷、财政补贴、税收、土地资源等政策刺激，使大量企业和资金同时涌入鼓励性行业，容易导致产能过剩现象。而产能过剩不仅会使企业亏损增加、资源浪费加剧、产业组织恶化，还会引起经济的波动[33]。外部环境的恶①以光伏等行业为例，2009—2013年仅光伏发电业的“金太阳示范工程”一个项目，国家的财政补贴就累计达数百亿元[27]。余明桂等：中国产业政策与企业技术创新82016年第12期化，可能增加企业对创新投资项目情况估计的难度，降低企业创新投资的激励。另外，面对产业政策的刺激，被鼓励的企业更倾向于扩大资本投资规模，造成过度投资[4]，进而导致企业投资结构的失调，分散企业对创新活动的注意力，挤占企业对创新项目的投资。第三，产业政策激励可能会影响企业竞争战略的选择。在竞争激烈的市场上，企业要生存必须进行持续不断的创新活动。而产业政策会给被鼓励企业更多贷款、税收、政府补助甚至是政府采购订单等资源，使得企业即使在较低创新水平下也能够继续生存。在政府的保护和扶持政策下，企业行为可能趋于短期化，对技术进步、提高产出效率缺乏足够的热情和动力。基于以上分析，本文提出：H2：产业政策会抑制被鼓励行业中企业的技术创新水平。三、数据与方法1.样本筛选和数据来源本文以《中华人民共和国国民经济和社会发展第十个五年计划纲要》（简称“十五”计划）和“十一五”规划为研究期间，手工收集2001—2011年A股上市公司的专利数据。剔除了金融类、ST类和PT类上市公司，同时删除变量缺失的样本，最终得到11665个观测值。由于纳入上市公司合并报表的子公司等关联公司可能作为单独的主体去申请专利，仅仅考虑上市公司本身的专利数是不够的。为了更准确地反映上市公司的创新水平，本文首先手工整理上市公司的公司树（即上市公司及其子公司、孙公司等关联公司的名称目录以及每个公司与上市公司的关系）。然后通过网络爬虫（WebSpider）数据采集技术，在佰腾网收集了公司树中所有企业的专利数据，通过整理获得所有上市公司及其子公司的发明专利、实用新型和外观设计三种不同类型专利申请数据。此外，样本企业的财务数据来自国泰安数据库，企业研发投入的数据来自Wind和同花顺数据库。产业政策的信息主要来源于国家颁布的“五年规划”。为了消除极端值的影响，本文对主要控制变量进行了1%的Winsorize处理。2.模型和变量定义为检验产业政策对鼓励行业中企业技术创新的影响，本文构建如下模型：lnPatent（RD）i，t+1=a+β1E_ind1（E_ind2）+β2Controli，t+εit（1）现有文献主要采用研发投入和专利产出衡量企业创新。关于研发投入，现有文献大多将R&D投入看成企业最重要的创新投入。但是最近一些文献指出，由于研发活动存在失败率高、不确定性强等特征，与研发投入相比，创新产出更直观地体现了企业的创新水平[14-16]。关于创新产出，文献中主要有两种衡量方法：①企业申请专利的数量、专利授权量或引用量[14]。②企业开发或者改进后的新产品的数量[34]。由于企业开发的新产品数据难以获得，本文以专利申请数量来衡量企业的创新产出。根据《中华人民共和国专利法》规定，专利分为发明专利、实用新型专利和外观设计专利。其中，实用新型专利和外观设计专利获得较容易，技术要求相对较低，含金量小，而发明专利是对产品、方法或者流程所提出的新技术方案，获得难度较大、技术要求较高，更能代表企业的创新能力。因此，为更全面地衡量企业创新水平，本文分别采用上市公司及其子公司发明专利申请数量加1的自然对数（lnPatent）和企业研发投入与企业总资产的比率（RD）作为技术创新的代理变量。值得注意的是，R&D投入数据在2007年之前存在大量的缺失值。这些缺失值可能导致样本选择偏误，进而导致β1的系数也存在偏差。因此，本文后面的模型中主要采用企业发明专利申请数量衡量技术创新。9产业政策E_ind1（E_ind2）。参照陈冬华等[3]、宋凌云和王贤彬[7]，本文从国家发布的“十五”计划和“十一五”规划文件中选取一般鼓励和重点鼓励的行业①，设置如下虚拟变量：如果“十五”计划和“十一五”规划中提到鼓励、支持、重点发展或大力发展时，则认为是一般鼓励行业，赋值E_ind1为1，其他为0。进一步，如果“十五”计划和“十一五”规划中明确提到重点或大力发展，则认为是重点鼓励行业，赋值E_ind2为1，其他为0。本文主要关注的系数是β1，它衡量了产业政策对企业创新行为的影响。Controli，t表示其他控制变量构成的向量。参照HeandTian[16]、袁建国等[32]，本文控制了公司层面和地区层面的特征变量：企业规模（Size），以总资产的自然对数表示；资产负债率（Lev），以总负债与总资产的比率表示；资产收益率（Roa），以企业净利润与总资产的比率表示；企业资本性支出（Capital），以公司年度资本性支出与企业总资产的比率表示；企业固定资产规模（PPE），以企业固定资产与企业总资产的比率表示；企业年龄（Age），以企业上市年限表示；企业现金量（Cash），以货币资金除以总资产的比率表示；所在地区GDP增长率（Gdpr）、行业哑变量（Ind）和年度哑变量（Yeard）。为了解决产业政策和企业创新之间的内生性问题，本文利用“十一五”规划对制造业②中鼓励行业的调整，选取实验组和控制组，构建了如下的DID估计模型：lnPatenti，t+1=a+β1Ingroup×Inyear+β2Ingroup+β3Inyear+β4Controli，t+εit（2）其中，Ingroup等于1为实验组，代表“十五”计划和“十一五”规划中都被产业政策鼓励的行业；Ingroup等于0为控制，代表“十五”计划中被产业政策鼓励，但是“十一五”规划中不被产业政策鼓励的行业。事件冲击的时间为“十一五”规划实施的年度即2006年，其中Inyear等于1为2006年之后，等于0为2006年之前。在这个模型中，本文主要关注的系数是β1，它衡量了鼓励性产业政策对企业创新的影响。Controli，t表示其他控制变量向量（具体内容同模型（1））。3.描述性统计表1为主要变量的描述性统计。样本中发明专利自然对数的平均值为0.6041，最小值为0，最大值为8.6785，标准差为1.0915，这说明不同企业发明专利的数量差异非常大。研发投入（RD）的样本观测值仅有1912个，这说明该变量存在大量的缺失值。研发投入（RD）的均值为0.0098。这说明平均而言，样本中企业研发投入占总资产的比重为1%。一般鼓励行业的均值为0.6640，即66.40%的企业处于产业政策一般鼓励的行业中。这说明一般鼓励产业政策覆盖的范围较广，是中央政府进行产业调整的重要手段。重点鼓励行业的均值为0.1381，即13.81%的企业处于产业政策重点鼓励的行业中。企业性质的均值为0.6219，说明62.19%的企业为国有企业。四、结果与分析1.单变量分析表2列示“十五”计划、“十一五”规划以及整个样本期间，鼓励性产业政策和非鼓励产业政策下企业发明专利数量的差异分析结果。无论是在总样本期间，还是具体到“十五”计划和“十一五”规划期间，受到产业政策支持的企业，其发明专利自然对数都显著大于不受政策支持的企业。可以初步①部分文献还选取国家发展和改革委员会发布的产业政策文件[4，13]以及《国务院关于加快培育和发展战略新兴产业的决定》文件[5]来进行解读，定义产业政策激励。②之所以选取对制造业产业规划调整，主要是因为，不同行业创新水平差异很大，例如行业代码为A、D、F、H、J、K、L以及M的公司可能无需从事创新活动也可以持续经营[32]。而模型（2）中Ingroup可能存在源于国家基于行业特点进行产业规划调整的内生性。本文尝试聚焦制造业进行双重差分析，一定程度上缓解了这种内生性。余明桂等：中国产业政策与企业技术创新102016年第12期总样本期间0.54810.47790.0702***0.59160.56900.02260.47270.34220.1305***“十一五”规划0.77420.57920.1950***0.79100.67790.1131***0.73450.41010.3244***“十五”计划0.33710.28620.0509**0.36260.32600.03660.30330.24020.0631**鼓励非鼓励差异鼓励非鼓励差异鼓励非鼓励差异全样本国有企业民营企业鼓励政策和非鼓励政策下企业发明专利数量的差异注：***、**和*分别表示0.01、0.05和0.1的显著性水平。资料来源：作者利用Stata软件计算。表2变量观测值平均值标准差最小值Q1中位数Q3最大值lnPatent116650.60411.09150.00000.00000.00000.69318.6785RD19120.00980.01440.00000.00120.00430.01190.0808E_ind1116650.66400.47240.00000.00001.00001.00001.0000E_ind2116650.13810.34500.00000.00000.00000.00001.0000Size1166521.45271.180810.842220.712721.351922.089328.1356Lev116650.50860.16740.23340.37460.51530.64420.7676Roa116650.03510.0301-0.00230.00970.02930.05410.0949PPE116650.31820.18320.05240.16590.29240.47140.6146Capital116650.29600.18720.00050.15260.26910.42520.7731Cash116650.17920.14690.00080.07890.14080.23740.8706Age116658.79784.52051.00005.00009.000012.000026.0000Gdpr116650.16430.0578-0.09260.12710.16710.20220.4969主要变量描述性统计表1资料来源：作者利用Stata软件计算。假定鼓励性产业政策对企业创新有正向影响。进一步区分产权性质，本文发现民营企业样本中鼓励行业和非鼓励行业发明专利数量的差异相对要大于国有企业样本中的差异。这在一定程度上说明，产业政策对民营企业创新水平的影响可能要大于对国有企业创新水平的影响。表3列出了实验组和控制组在产业政策调整前后创新水平的差异。在产业政策调整后，控制组和实验组的发明专利自然对数的均值都显著增加，且在1%水平下显著。这意味着，在分析产业政策调整影响时，由于时序性因素影响，若不考虑样本之间的横向差异，可能会得到不恰当的结果。第（7）列给出了用实验组的变动减去控制组的变动，以消除时序上的变动差异。结果显示发明专利自然对数均值的双重差分值在1%的水平显著。以上结果初步说明，产业政策能够促进企业技术创新。进一步区分产权性质，本文发现民营企业发明专利数量的双重差分值要大于国有企业发明专利的双重差分值，初步说明产业政策对民营企业创新的影响可能大于对国有企业创新的影响。2.基本检验结果分析表4报告了产业政策对企业创新影响的检验结果。一般鼓励行业E_ind1和重点鼓励行业E_ind2的系数都显著为正。即给定其他条件不变的情况下，受到产业政策鼓励的企业专利数量和研11①之所以本文结果与黎文靖和郑曼妮[13]不同，可能是因为，本文检验的是产业政策激励对企业未来一期发明专利水平和研发投入的影响，而黎文靖和郑曼妮[13]检验的是产业政策对企业当期专利水平的影响。E_ind10.2297***0.0017**（9.5291）（2.5474）E_ind20.1923***0.0054***（3.9492）（3.1725）Control控制控制控制控制常数项-7.3295***-0.0058-7.1955***-0.0117（-28.3970）（-0.7309）（-27.2890）（-1.4024）N116651917116651917R20.30530.16660.30040.1697发明专利研发费用发明专利研发费用一般鼓励重点鼓励产业政策与企业创新表4注：①***、**和*分别表示0.01、0.05和0.1的显著性水平，括号内数值为t值。标准误差进行了Robust处理。②本文还利用企业未来1期实用新型、外观设计和专利总量来衡量企业的技术创新，结果保持不变，囿于篇幅原因，未在正文报告。资料来源：作者利用Stata软件计算。全样本0.31820.67850.51871.11110.3603***0.5924***0.2321***（9.1556）（15.9939）（3.9647）国有企业0.37810.71760.55321.11840.3395***0.5652***0.2257***（6.3092）（11.8864）（2.9306）民营企业0.24280.60890.47551.09450.3661***0.6190***0.2529***（6.4807）（10.2053）（2.7791）调整前（1）调整后（2）调整前（3）调整后（4）（5）=（2）-（1）（6）=（4）-（3）（7）=（6）-（5）控制组实验组DifferenceDID实验组和控制组在产业政策调整前后的创新水平差异表3注：***、**和*分别表示0.01、0.05和0.1的显著性水平，括号内数值为t值。资料来源：作者利用Stata软件计算。发投入显著高于不受产业政策支持企业的专利数量和研发投入①。这说明，产业政策能够促进被鼓励行业中企业的技术创新。初步证明产业政策的创新促进效应。表4还显示产业政策对重点鼓励行业中企业研发费用的影响系数（E_ind2）大于一般鼓励行业（E_ind1）。之所以出现这一结果，可能是因为相对于一般鼓励的行业，重点鼓励的行业处于培育发展阶段，技术和需求市场都还不成熟，亟需政府扶持和引导。表5进一步区分产权性质，结果显示以发明专利来衡量企业创新水平，E_ind1和E_ind2的系数在国有企业和民营企业样本中都显著为正，这再次表明产业政策能够显著促进企业的创新活动。以研发投入来衡量企业创新水平，E_ind1和E_ind2系数在民营企业样本不显著，在国有企业样本显著为正。进一步以发明专利来衡量企业创新水平时，E_ind1和E_ind2在民营企业的系数要大于余明桂等：中国产业政策与企业技术创新122016年第12期E_ind10.2057***0.2799***0.0021***0.0008（6.3056）（8.1287）（2.6456）（0.5653）E_ind20.1775***0.2530***0.0080***0.0006（2.8620）（3.1925）（3.5131）（0.2546）Control控制控制控制控制控制控制控制控制常数项-7.7857***-6.7837***-0.0009-0.0186-7.6580***-6.6652***-0.0096-0.0189（-23.2990）（-14.9193）（-0.1068）（-0.8547）（-22.2408）（-14.5312）（-1.0650）（-0.8486）N725444111374543725444111374543R20.32500.28690.12240.29800.32160.27780.13170.2977国有企业民营企业国有企业民营企业国有企业民营企业国有企业民营企业发明专利研发费用发明专利研发费用一般鼓励重点鼓励产业政策对国有企业和民营企业创新的影响表5注：①***、**和*分别表示0.01、0.05和0.1的显著性水平，括号内数值为t值。标准误差进行了Robust处理。②本文还利用企业未来1期实用新型、外观设计和专利总量来衡量企业的技术创新，结果基本保持不变，囿于篇幅原因，未在正文报告。资料来源：作者利用Stata软件计算。国有企业的系数，这说明产业政策更能提高民营企业的创新产出水平。之所以出现这一结果，可能是因为：①民营企业作为中国经济发展的重要力量，无论是在债券融资还是股权融资方面都面临严重的“金融歧视”[35-38]。在这种情况下，产业政策对鼓励行业的信贷、税收资源支持以及IPO审批放松，更能够缓解民营企业技术创新面临的资源约束，激励民营企业的创新活动。②根据产权观，国有企业面对强的政府干预，经营目标的扭曲也导致其创新活动对产业政策激励不敏感。LinandLi[39]指出，在转型经济发展道路中，政府为了实现某些特定的目标，例如实现经济发展、增加就业、维护社会稳定和实现社会公平等目标，会将一些政策性的负担强加给国有企业。相对非国家控制公司，国有控股公司超额雇员更多、劳动力成本也更高[40，41]。③相对于民营企业，国有企业管理层激励约束机制的缺失也可能削弱产业政策激励对其技术创新的影响。国有企业的高管大部分是通过政府直接提拔或指定任命的，这可能导致他们行为更多地是对政府而非对企业负责，进而弱化管理者的风险偏好，降低风险承担水平[42]。3.DID估计结果Bertrand[43]指出，双重差分估计有效性的前提之一就是实验组和控制组在接受处理之前满足同趋势假设。因此，为了验证本文DID模型的适当性，本文对实验组和控制组的发明专利进行了同趋势检验。图1显示，在产业政策调整前，控制组和实验组的发明专利大致保持相同增长趋势，而在产业政策调整后，实验组和控制组发明专利和专利总量的增长趋势出现明显地变化。因此，本文使用DID模型来检验产业政策对企业发明专利数量的影响，是符合同趋势假设的前提条件。表6报告了产业政策与企业创新的双重差分估计的结果。结果发现，Ingroup和Inyear交互项系数显著为正，其中相对于没有受到产业政策鼓励的企业，受到产业政策鼓励的企业的发明专利大13Ingroup×Inyear0.1675***0.1447**0.1767**0.1796***0.1356*0.2067**（3.2758）（2.1876）（2.1821）（3.0435）（1.7803）（2.2153）Ingroup-0.0890**-0.0784-0.0823-0.1065**-0.0733-0.1157*（-2.4030）（-1.5419）（-1.5617）（-2.5272）（-1.2861）（-1.8862）Inyear1.0140***0.9099***0.8702***1.0495***0.9652***0.8917***（13.1298）（7.7766）（7.6994）（12.1340）（7.5272）（6.9982）Control控制控制控制控制控制控制常数项-7.9428***-7.8169***-7.9951***-8.1469***-7.8601***-8.5115***（-21.5729）（-15.5715）（-14.9808）（-20.9597）（-14.7753）（-15.3215）N504031301910450028011699R20.32580.32090.35680.32560.32150.3606全样本国有企业民营企业全样本国有企业民营企业（1）双重差分检验（2）PSM后的双重差分检验双重差分检验结果表6注：①***、**和*分别表示0.01、0.05和0.1的显著性水平，括号内数值为t值。标准误差进行了Robust处理。②本文还利用企业未来1期实用新型、外观设计和专利总量来衡量企业的技术创新，结果基本保持不变，囿于篇幅原因，未在正文报告。资料来源：作者利用Stata软件计算。2015105020032004200520062007200820092010发明专利数量实验组控制组图1发明专利平行趋势资料来源：作者利用Stata软件绘制。约要高出e0.17，即1.18。进一步考虑产权性质差异，Ingroup和Inyear交互项系数无论是在国有企业和民营企业样本中都显著为正，但是在民营企业样本中的系数和显著性水平要高于国有企业。上述结果说明，产业政策能够促进被鼓励行业中企业的技术创新水平，并且这种促进效应对于民营企业更显著。除了满足平行趋势假设，双重差分模型分析还要求实验组和控制组的选择是随机的。本文进一步使用倾向匹配得分法（PropensityScoreMatching）对实验组和控制组进行匹配。首先本文以企业规模（Size）、资产负债率（Lev）、资产收益率（Roa）、企业资本性支出（Capital）、企业固定资产规模（PPE）作为企业特征变量对实验组和控制组进行Probit回归，以预测值作为得分。然后采用最近领匹配的方法进行一对一匹配。最后按照模型（2）进行回归，结果均保持不变（限于篇幅，结果省略）。余明桂等：中国产业政策与企业技术创新142016年第12期4.进一步检验前面DID模型主要尝试利用“十一五”规划对鼓励行业规划的调整这一准自然实验，控制时序效应和除规划调整之外可能同时影响实验组和控制组创新水平的经济冲击影响，进而缓解仅利用E_ind1和E_ind2无法解决的内生性问题。但是，如果政策变化虚拟变量为内生的，Ingroup与影响企业技术创新的遗漏变量相关，DID模型可能得不到一致估计。例如现实中，政府可能会基于行业之前支持力度、发展现状以及未来发展预期等方面的因素做出产业规划调整，这可能使得产业政策规划调整与企业技术创新之间可能存在双向因果关系。为了克服上述内生性问题，本文在实证模型（1）中分别引入样本期初专利总量（TPatent）和样本未来两期专利总量（FPatent）作为额外的控制变量，控制样本期初的创新水平和未来的创新水平。如果政府有意识地选择过去创新水平高的行业，或者选择预期未来创新水平高的行业继续作为鼓励行业，则控制了样本期初和未来的创新水平后，可能无法观察到产业政策显著提高被鼓励行业中企业的创新水平。结果发现，控制样本期初和未来企业创新水平，缓和国家依据行业创新水平进行鼓励规划调整的内生性问题后，产业政策仍然能够提高被鼓励行业中企业的技术创新水平①。这表明这种反向因果关系可能不太严重，不影响本文结论的可靠性。五、影响机制检验如前文理论框架分析所述，产业政策干预经济的手段有很多，具体会通过政府补贴、信贷、税收以及市场行政壁垒等手段来影响企业的创新活动。本文利用长期贷款增量、政府补贴、企业实际税率和和HHI数据，对产业政策创新效应的影响机制进行深入分析②。1.信贷机制检验为检验产业政策是否能够通过信贷机制影响企业的创新，本文构建如下模型：lnPatenti，t+1=a+β1E_ind1（E_ind2）×Dlti，t+β2E_ind1（E_ind2）+β3Dlti，t+β4Controli，t+εit（3）其中，企业长期贷款增量Dlt=（当期长期贷款-上一期长期贷款）/总资产。在这个模型中，本文主要关注β1以及β1+β3的符号。其中，β1衡量了相对于非鼓励行业，鼓励行业中长期贷款增加后对企业创新影响的增量，β1+β3衡量了鼓励行业中，长期贷款增加后对企业创新的影响。Controli，t为公司层面和地区层面的特征变量（具体见模型（1））。表7报告了信贷机制与企业创新的检验结果。研究发现，在一般鼓励行业民营企业样本中，E_ind1×Dlt的系数显著为正。这说明相对于非鼓励行业，一般鼓励行业中民营企业技术创新对长期贷款增量更敏感。此外，表7显示，在重点鼓励行业民营企业样本中，E_ind2×Dlt以及Dlt+E_ind2×Dlt的系数显著为正。这说明产业政策能够通过信贷机制促进重点鼓励行业中民营企业的技术创新。已有研究发现，民营企业作为中国经济发展的重要力量，无论是在债券融资还是股权融资方面都面临严重的“金融歧视”[35-38]。黎文靖和李耀淘[4]利用受到产业政策激励的公司样本，发现民营企业比国有企业能够获得更多的银行贷款。因此，鼓励性产业政策通过增加信贷资源，更能缓解民营企业创新的融资约束，进而促进民营企业技术创新。2.税收机制检验为检验产业政策是否能够通过税收机制影响企业的创新，本文构建如下模型：①由于文章篇幅原因，正文中未报告上述检验结果。②为全面分析产业政策的影响机制，本文对产业政策是否会影响被鼓励行业的长期贷款增量、政府补贴、实际税率和HHI水平也进行了实证检验。囿于文章篇幅，正文未报告上述检验结果。15E_ind1×Dlt0.0740-0.18140.5594*（0.3088）（-0.5783）（1.6533）E_ind2×Dlt0.56300.08551.3875***（1.6177）（0.1811）（2.7074）E_ind10.2249***0.2021***0.2748***（9.3123）（6.1766）（7.9797）E_ind20.1976***0.1874***0.2472***（4.0620）（3.0215）（3.1368）Dlt-0.4770**-0.3837-0.6429**-0.4934***-0.5037***-0.4920***（-2.3916）（-1.4523）（-2.3404）（-4.0098）（-3.0542）（-2.7905）Control控制控制控制控制控制控制常数项-7.3743***-7.8462***-6.7923***-7.2620***-7.7386***-6.7032***（-28.3715）（-23.2421）（-14.8234）（-27.3325）（-22.2293）（-14.4765）N11606720843981160672084398R20.30510.32540.28510.30070.32220.2769模型拟合系数的F检验-0.4030***-0.5651***-0.08350.0696-0.41820.8955*β1+β3（0.0041）（0.0019）（0.6791）（0.8323）（0.3512）（0.0619）全样本国有企业民营企业全样本国有企业民营企业一般鼓励重点鼓励信贷机制与企业创新表7注：①***、**和*分别表示0.01、0.05和0.1的显著性水平，括号内数值为t值。其中标准误差进行了Robust处理。②模型拟合系数的F检验中括号内数值为P值。资料来源：作者利用Stata软件计算。lnPatenti，t+1=a+β1E_ind1（E_ind2）×ETRi，t+β2E_ind1（E_ind2）+β3ETRi，t+β4Controli，t+εit（4）参照吴文锋等[44]，实际税率ETR=（所得税费用－递延所得税费用）/（调整的税前会计利润-递延所得税费用/名义税率）。在这个模型中，本文主要关注β1以及β1+β3的符号。其中，β1衡量了相对于非鼓励行业，鼓励行业中企业实际税率降变化对企业创新影响的增量，β1+β3衡量了鼓励行业中，企业实际税率对企业创新的影响。Control为公司层面和地区层面的特征变量（具体见模型（1））。表8报告了税收机制与企业创新的检验结果。研究发现，在全样本和民企样本中，E_ind2×ETR以及ETR+E_ind2×ETR的系数显著为负，即重点鼓励产业政策通过降低企业实际税率，能够促进企业技术创新，尤其是民营企业的技术创新。同时，ETR+E_ind1×ETR的系数都显著为正，说明一般鼓励行业中，企业税率降低能够促进企业技术创新。企业税收负担降低，在某种程度上减少了企业现金流出，促使企业不断积累内部资金，提高创新活动的内源融资能力。3.政府补贴机制检验为检验产业政策是否能够通过政府补贴机制影响企业的创新，本文构建如下模型：余明桂等：中国产业政策与企业技术创新162016年第12期E_ind1×ETR0.06220.0683-0.0938（0.4606）（0.3859）（-0.4312）E_ind2×ETR-0.5055**-0.4051-0.9735**（-2.1374）（-1.4459）（-2.2668）E_ind10.2571***0.1782***0.4743***（5.6462）（3.0949）（6.4313）E_ind20.2684***0.1573**0.4586***（3.7498）（1.9702）（3.1228）ETR-0.4564***-0.4180***-0.4586***-0.3723***-0.3359***-0.4243***（-4.1445）（-2.7270）（-3.1563）（-5.2377）（-3.8369）（-3.5561）Control控制控制控制控制控制控制常数项-6.8589***-7.2246***-6.6345***-6.7894***-7.0713***-6.7649***（-19.3548）（-16.5782）（-9.1684）（-18.8169）（-15.9781）（-9.1292）N729951662133729951662133R20.32570.34650.32280.31990.34340.3051模型拟合系数的F检验-0.3942***-0.3497***-0.5524***-0.8778***-0.741***-1.3978***β1+β3（0.0000）（0.0003）（0.0014）（0.0001）（0.0055）（0.0009）全样本国有企业民营企业全样本国有企业民营企业一般鼓励重点鼓励税收机制与企业创新表8注：①***、**和*分别表示0.01、0.05和0.1的显著性水平，括号内数值为t值。其中标准误差进行了Robust处理。②模型拟合系数的F检验中括号内数值为P值。资料来源：作者利用Stata软件计算。lnPatenti，t+1=a+β1E_ind1（E_ind2）×Subi，t+β2E_ind1（E_ind2）+β3Subi，t+β4Controli，t+εit（5）其中，政府补贴Sub=政府补贴/营业收入。在这个模型中，本文主要关注β1以及β1+β3的符号。其中，β1衡量了相对于非鼓励行业，鼓励行业中政府补贴对企业创新影响的增量，β1+β3衡量了鼓励行业中，政府补贴对企业创新的影响。Controli，t为公司层面和地区层面的特征变量（具体见模型（1））。表9报告了政府补贴机制与企业创新的检验结果。研究发现E_ind2×Sub的系数都显著为正。这说明对于非重点鼓励行业中的企业，重点鼓励行业中企业的创新对政府补贴更加敏感。这说明相对于一般鼓励的行业，重点鼓励的行业处于培育发展阶段，技术和需求市场都还不成熟，亟需政府扶持和引导。进一步β1+β3模型拟合系数的F检验显示，Sub+E_ind1×Sub以及Sub+E_ind2×Sub的系数仅在全样本和民营企业样本中显著为正。这说明产业政策通过政府补贴机制更能促进民营企业的技术创新。黎文靖和郑曼妮[13]指出相对于民营企业，国有企业更容易获得政策倾斜和财政扶持。国有企业会出于“寻找扶持”的动机，进行策略性创新。产业政策的政府补贴激励，更能减低民营企业创新活动的成本，缓解民营企业创新活动的资源约束。4.市场竞争机制检验为检验产业政策是否能够通过市场竞争机制影响企业的创新，本文构建如下模型：17E_ind1×Sub0.2859**0.47710.0750（2.5375）（0.8972）（0.5280）E_ind2×Sub0.4688***1.6664*0.2381**（3.1134）（1.7330）（2.1593）E_ind10.3013***0.2980***0.3096***（7.8366）（5.5061）（5.6832）E_ind20.4534***0.5390***0.4003***（5.1452）（4.7553）（2.9544）Sub-0.0061-0.1893-0.0016-0.0121*-0.1380-0.0117（-0.9124）（-0.4322）（-0.2297）（-1.7629）（-0.5714）（-1.1607）Control控制控制控制控制控制控制常数项-9.0729***-9.4078***-8.5669***-9.2147***-9.7478***-8.5600***（-23.6459）（-19.9557）（-11.6189）（-22.9619）（-19.3982）（-11.4445）N551234352077551234352077R20.34430.36550.32610.34060.36420.3199模型拟合系数的F检验0.2798**0.28780.07340.4567***1.52840.2264**β1+β3（0.0132）（0.3495）（0.6066）（0.0025）（0.1019）（0.0412）全样本国有企业民营企业全样本国有企业民营企业一般鼓励重点鼓励政府补贴机制与企业创新表9注：①***、**和*分别表示0.01、0.05和0.1的显著性水平，括号内数值为t值。其中标准误差进行了Robust处理。②模型拟合系数的F检验中括号内数值为P值。资料来源：作者利用Stata软件计算。lnPatenti，t+1=a+β1E_ind1（E_ind2）×HHIi，t+β2E_ind1（E_ind2）+β3HHIi，t+β4Controli，t+εit（6）其中，市场竞争HHI=∑（Xi/X）2，X=∑Xi，其中，Xi为行业内企业i的销售额。HHI值越大，表示市场竞争程度越低。在这个模型中，本文主要关注β1以及β1+β3的符号。其中，β1衡量了相对于非鼓励行业，鼓励行业中市场竞争程度对企业创新影响的增量，β1+β3衡量了鼓励行业中市场竞争程度对企业创新的影响。Controli，t为公司层面和地区层面的特征变量（具体见模型（1））。表10报告了市场竞争机制与企业创新的检验结果。研究发现在全样本和民营企业样本中，E_ind1（E_ind2）×HHI以及HHI+E_ind1（E_ind2）×HHI的系数显著为负。这说明无论是一般鼓励行业还是重点鼓励行业中，市场竞争程度的提高能够促进企业创新，尤其是民营企业的技术创新。相对于国有企业，民营企业进入一些行业的限制更多。当政府放松鼓励行业的行政管制，民营企业能够更好地进入市场。面对激烈的市场竞争，民营企业为了继续生存会不断提高其技术创新水平。余明桂等：中国产业政策与企业技术创新182016年第12期E_ind1×HHI-0.5120**-0.1379-1.1050***（-2.2813）（-0.5044）（-3.0009）E_ind2×HHI-0.7065***-0.4350-1.0803***（-2.6488）（-1.2200）（-2.6818）E_ind10.2410***0.2083***0.3067***（9.6193）（6.1646）（8.5170）E_ind20.2171***0.1946***0.2777***（4.3284）（3.0084）（3.4658）HHI0.23030.03060.5843**0.07500.03340.2052（1.3761）（0.1642）（1.9913）（0.5401）（0.1827）（1.0487）Control控制控制控制控制控制控制常数项-7.3052***-7.7797***-6.7324***-7.1564***-7.6558***-6.5248***（-28.2693）（-23.1977）（-15.1578）（-27.1989）（-22.1938）（-14.9377）N11665725444111166572544411R20.30570.32510.28910.30120.32190.2802模型拟合系数的F检验-0.2817*-0.1073-0.5207**-0.6315***-0.4016-0.8751**β1+β3（0.0740）（0.6108）（0.0256）（0.0063）（0.1985）（0.0141）全样本国有企业民营企业全样本国有企业民营企业一般鼓励重点鼓励注：①***、**和*分别表示0.01、0.05和0.1的显著性水平，括号内数值为t值。其中标准误差进行了Robust处理。②模型拟合系数的F检验中括号内数值为P值。资料来源：作者利用Stata软件计算。竞争机制与企业创新表10六、结论与启示1.结论本文通过手工收集2001—2011年样本公司及其子公司的专利数量，利用“十一五”规划对鼓励行业规划的调整，实证检验产业政策对企业技术创新的影响。研究发现，混合回归和双重差分估计的结果都表明产业政策能显著提高被鼓励产业中企业发明专利数量和研发投入。这说明产业政策能促进企业的创新。此外，本文研究发现产业政策对企业创新的促进效应在民营企业和重点鼓励行业中更为显著。进一步本文从信贷机制、税收机制、政府补贴机制以及市场竞争机制角度实证检验了产业政策对企业创新的影响机制。检验结果发现，产业政策能够通过信贷、税收、政府补贴和市场竞争四种机制促进重点鼓励行业中企业的技术创新，尤其是民营企业的技术创新。同时，产业政策能够通过市19场竞争机制促进一般鼓励行业中企业的技术创新，但是信贷、税收和政府补贴机制的作用不显著。2.启示（1）政府要继续加大金融、财政税收等各方面改革，逐步消除民营企业在信贷、财税、市场进入政策等方面的歧视，激发民营企业创新活力，提高产业政策的有效性。过去30多年，中国民营企业的发展在支持中国经济快速增长中起到重要作用[35]。但是，相对于国有企业，民营企业无论是在债券融资还是股权融资方面都面临严重的“金融歧视”，使民营企业创新活动无法得到长期可靠的保障。与此同时，民营企业在项目资格审批、市场进入等方面面临严重的政策歧视，使民营企业缺乏发展机会，大大降低了其技术创新积极性。当面临鼓励产业政策的信贷、税收、政府补贴和市场进入机会激励时，相对于国有企业，民营企业会迅速抓住机会，提高自身技术创新水平。因此，继续消除民营企业在信贷、财税、市场进入政策等方面的歧视，对于提高民营企业创新水平，进而推动中国经济的持续健康发展，具有重要意义。（2）针对不同类型产业和微观主体，政府要注意采用不同的手段来促进其技术创新活动。本文研究发现在一般鼓励行业中，产业政策能通过市场竞争机制来促进企业技术创新，但并不能通过信贷机制和政府补贴机制来促进企业技术创新。现实中，中国产业政策一般鼓励涵盖的范围特别广，本文研究样本中66%的企业，其所处的行业为政府产业政策所支持。另外，从一些纲领性产业政策文件也可以看出一般产业政策鼓励的对象几乎涵盖国民经济中的大部分行业，例如《当前优先发展的高新技术产业化重点领域指南》（2007）几乎涉及国民经济所有二位数产业。在这种情况下，政府很难拥有关于一般鼓励行业发展的全面信息。企业可能进行策略性创新，向政府释放虚假创新信号来获取政府补贴[13]。此外，政策部门在采取银行信贷干预和政府补贴这两个手段时，具有比较大的自由裁量空间。这可能诱导更多的寻租活动，造成资源浪费，进而降低企业创新激励。因此，政府应该注意避免对信贷资源的直接干预和通过简单判断的补贴扶持。同时，政府应该减少对市场准入资格的行政干预，通过提高市场竞争程度，完善市场竞争机制，让企业自发提高技术创新水平。综上所述，本文尝试通过混合回归和双重差分估计等多种方法，识别和检验出产业政策对企业创新的直接促进效应以及四种可能的影响机制。这不仅可为澄清产业政策有效性的争议，提供新的微观层面的经验证据，而且可为经济“新常态”下政府通过合理的产业规划来优化资源配置，促进产业结构优化升级和经济持续发展提供一定依据。本文研究还存在一定的局限性：①由于行业自身创新水平和发展周期等遗漏变量可能会影响到国家产业政策标准的制定，尽管本文尝试利用一些方法进行控制，但是可能依然无法很好地解决这一内生性问题。如何克服宏观经济活动中遗漏变量等因素导致的内生性问题，识别产业政策和经济发展之间的因果联系，还有待今后进一步的研究。②企业创新是多方面的，虽然本文尝试利用企业研发投入和发明专利数量来衡量企业的创新，但是其依然无法全面衡量企业的创新水平。如何很好地衡量企业创新水平，还有待进一步的研究。〔参考文献〕〔1〕Robinson，J.A.IndustrialPolicyandDevelopment：APoliticalEconomyPerspective[R].TheWorldBank，2009.〔2〕江飞涛，李晓萍.直接干预市场与限制竞争：中国产业政策的取向与根本缺陷[J].中国工业经济，2010，（9）：26-36.〔3〕陈冬华，李真，新夫.产业政策与公司融资———来自中国的经验证据[R].中国会计与财务研究国际研讨会论文集，2010.〔4〕黎文靖，李耀淘.产业政策激励了公司投资吗[J].中国工业经济，2014，（5）：122-134.余明桂等：中国产业政策与企业技术创新202016年第12期〔5〕韩乾，洪永淼.国家产业政策、资产价格与投资者行为[J].经济研究，2014，（12）：143-158.〔6〕毕晓方，张俊民，李海英.产业政策、管理者过度自信与企业流动性风险[J].会计研究，2015，（3）：57-63.〔7〕宋凌云，王贤彬.重点产业政策、资源重置与产业生产率[J].管理世界，2013，（12）：63-77.〔8〕陈诗一.节能减排与中国工业的双赢发展：2009—2049[J].经济研究，2010，（3）：129-143.〔9〕Hsiao，S.H.PTE，InnovationCapitalandFirmValueInteractionsintheBiotechMedicalIndustry[J].JournalofBusinessResearch，2014，67（12）：2636-2644.〔10〕张同斌，高铁梅.财税政策激励、高新技术产业发展与产业结构调整[J].经济研究，2012，（5）：58-70.〔11〕Romer，P.M.EndogenousTechnologicalChange[J].JournalofPoliticalEconomy，1990，14（3）：71-102.〔12〕中国企业家调查系统.新常态下的企业创新：现状、问题与对策———2015·中国企业家成长与发展专题调查报告[J].管理世界，2015，（6）：22-33.〔13〕黎文靖，郑曼妮.实质性创新还是策略性创新?———宏观产业政策对微观企业创新的影响[J].经济研究，2016，（4）：60-73.〔14〕Cornaggia，J.，Y.Mao，X.Tian，andB.Wolfe.DoesBankingCompetitionAffectInnovation[J].JournalofFinancialEconomics，2015，115（1）：189-209.〔15〕Hsu，P.H.，X.Tian，andY.Xu.FinancialDevelopmentandInnovation：Cross-CountryEvidence[J].JournalofFinancialEconomics，2014，112（1）：116-135.〔16〕He，J.，andX.Tian.TheDarkSideofAnalystCoverage：TheCaseofInnovation[J].JournalofFinancialEconomics，2013，109（3）：856-878.〔17〕付明卫，叶静怡，孟俣希，雷震.国产化率保护对自主创新的影响———来自中国风电制造业的证据[J].经济研究，2015，（2）：118-131.〔18〕Chemmanur，T.J.，E.Loutskina，andX.Tian.CorporateVentureCapital，ValueCreation，andInnovation[J].ReviewofFinancialStudies，2014，27（8）：2434-2473.〔19〕Manso，G.MotivatingInnovation[J].JournalofFinance，2011，66（5）：1823-1860.〔20〕姜国华，饶品贵.宏观经济政策与微观企业行为———拓展会计与财务研究新领域[J].会计研究，2011，（3）：9-18.〔21〕孙莹.我国创新税收激励政策发展沿革及特征研究[J].科技管理研究，2015，（17）：7-13.〔22〕林洲钰，林汉川，邓兴华.所得税改革与中国企业技术创新[J].中国工业经济，2013，（3）：111-123.〔23〕Duchin，R.，O.Ozbas，andB.A.Sensoy.CostlyExternalFinance，CorporateInvestment，andtheSubprimeMortgageCreditCrisis[J].JournalofFinancialEconomics，2010，97（3）：418-435.〔24〕杨洋，魏江，罗来军.谁在利用政府补贴进行创新?———所有制和要素市场扭曲的联合调节效应[J].管理世界，2015，（1）：75-86.〔25〕白俊红，李婧.政府R&D资助与企业技术创新———基于效率视角的实证分析[J].金融研究，2011，（6）：181-193.〔26〕解维敏，唐清泉，陆姗姗.政府R&D资助，企业R&D支出与自主创新———来自中国上市公司的经验证据[J].金融研究，2009，（6）：86-99.〔27〕周亚虹，蒲余路，陈诗一，方芳.政府扶持与新型产业发展———以新能源为例[J].经济研究，2015，（6）：147-161.〔28〕Brollo，F.，T.Nannicini，R.Perotti，andG.Tabellini.ThePoliticalResourceCurse[J].AmericanEconomicReview，2013，103（5）：783-794.〔29〕Krueger，A.O.ThePoliticalEconomyoftheRent-SeekingSociety[J].AmericanEconomicReview，1974，64（3）：291-303.〔30〕Chen，C.J.，Z.Li，X.Su，andZ.Sun.Rent-SeekingIncentives，CorporatePoliticalConnections，andtheControlStructureofPrivateFirms：ChineseEvidence[J].JournalofCorporateFinance，2011，17（2）：229-243.〔31〕杨其静.企业成长：政治关联还是能力建设[J].经济研究，2011，（10）：54-66.21〔32〕袁建国，后青松，程晨.企业政治资源的诅咒效应———基于政治关联与企业技术创新的考察[J].管理世界，2015，（1）：139-155.〔33〕王文甫，明娟，岳超云.企业规模、地方政府干预与产能过剩[J].管理世界，2014，（10）：17-36.〔34〕Lin，C.，P.Lin，F.M.Song，andC.Li.ManagerialIncentives，CEOCharacteristicsandCorporateInnovationinChina’sPrivateSector[J].JournalofComparativeEconomics，2011，39（2）：176-190.〔35〕Allen，F.，J.Qian，andM.Qian.Law，Finance，andEconomicGrowthinChina[J].JournalofFinancialEconomics，2005，77（1）：57-116.〔36〕Brandt，L.，andH.Li.BankDiscriminationinTransitionEconomies：Ideology，Information，orIncentives[J].JournalofComparativeEconomics，2003，31（3）：387-413.〔37〕余明桂，潘红波.金融发展、商业信用与产品市场竞争[J].管理世界，2010，（8）：117-129.〔38〕祝继高，陆正飞.产权性质、股权再融资与资源配置效率[J].金融研究，2011，（1）：131-148.〔39〕Lin，J.Y.，andZ.Li.Competition，PolicyBurdens，andState-OwnedEnterpriseReform[J].AmericanEconomicReview，1998，88（2）：422-427.〔40〕陆正飞，王雄元，张鹏.国有企业支付了更高的职工工资吗[J].经济研究，2012，（3）：28-39.〔41〕曾庆生，陈信元.国家控股、超额雇员与劳动力成本[J].经济研究，2006，（5）：74-86.〔42〕李文贵，余明桂.所有权性质、市场化进程与企业风险承担[J].中国工业经济，2012，（12）：115-127.〔43〕Bertrand，M.HowMuchShouldWeTrustDifferences-in-DifferencesEstimates[J].RiskManagementandInsuranceReview，2004，119（1）：173-199.〔44〕吴文锋，吴冲锋，芮萌.中国上市公司高管的政府背景与税收优惠[J].管理世界，2009，（3）：134-142.ChineseIndustrialPolicyandCorporateTechnologicalInnovationYUMing-gui，FANRui，ZHONGHui-jie（EconomicsandManagementSchoolofWuhanUniversity，Wuhan430072，China）Abstract：Basedonthegeneralencouragedandkeyencouragedindustrydevelopmentplanningin“Five-YearPlan”inChina，wecollectthepatentdataofA-sharedlistedcompaniesfrom2001to2011，andtesttheimpactofindustrialpolicyoncorporatetechnologicalinnovationanditsinfluencemechanism.TheresultsofboththecrosssectiondifferenceestimationandDIDmodelestimationshowthatindustrialpolicysignificantlyincreasesthetechnologicalinnovationofencouragedindustries.Wealsofindthatindustrialpolicyhasagreaterimpactoninnovationofprivateenterprisesandenterprisesinkeyencouragedindustry.Furthermore，wefindthatindustrialpolicyimprovesthetechnologicalinnovationofprivateenterprisesandenterprisesinkeyencouragedindustrythroughthecreditmechanism，taxmechanism，governmentsubsidiesmechanism，andmarketcompetitionmechanism.However，industrialpolicypromotesthetechnologicalinnovationofenterprisesinthegeneralencouragedindustrythroughmarketcompetitionmechanism，notthroughthecreditmechanism，taxmechanismandgovernmentsubsidiesmechanism.Thispaperenrichestheliteratureofeffectivenessofindustrialpolicyandcorporatetechnologicalinnovation，andprovidesempiricalsupportthatgovernmentcanmakerightindustrialpolicyandusedifferentmethodstopromotecorporatetechnologicalinnovation.KeyWords：industrialpolicy；corporatetechnologicalinnovation；bankloan；fiscalinstruments；marketcompetitionJELClassification：G38L50O32〔责任编辑：覃毅〕余明桂等：中国产业政策与企业技术创新22"
2,ref_KL\公司治理与技术创新_分行业比较_鲁桐.pdf,"位 紿 辟 金 年 第 期

公 司 治 理 与 技 术 创 新 ： 分行 业 比 较

鲁 桐

党 印

内 容 提 要 ： 本 文 以

—

年

家 沪 深 、 股 公 司 为 样 本 ， 采 用 聚 类 分 析 的

方 法 ， 按 要 素 密 集 度 将 样 本 公 司 划 分 为 劳 动 密 集 型 、 资 本 密 集 型 和 技 术 密 集 型 三 个 行 业 ，

对 比 考 察 不 同 行 业 公 司 治 理 对 技 术 创 新 的 影 响 关 系 。 研 究 发 现 ， 三 个 行 业 中 公 司 治 理 对

企 业 技 术 创 新 的 影 响 既 有 相 同 点 ， 也 存 在 差 异 。 相 同 点 是 三 个 行 业 中 第 二 至 第 十 大 股 东

持 股 比 例 、 基 金 持 股 比 例 和 董 监 高 持 股 比 例 对 研 发 投 入 均 有 正 向 影 响 。 差 异 在 于 ， 在 资 本

密 集 型 和 技 术 密 集 型 行 业 中 ， 董 监 高 的 薪 酬 激 励 有 利 于 创 新 活 动 的 开 展 ； 对 于 前 者 ， 国 有

第 一 大 股 东 持 股 比 例 与 研 发 投 入 正 相 关 ； 对 于 后 者 ， 核 心 技 术 人 员 的 期 权 激 励 对 创 新 有 显

著 的 正 向 影 响 。 进 一 步 分 析 发 现 ， 良 好 的 市 场 化 环 境 是 企 业 技 术 创 新 的 外 部 推 动 力 量 。

本 文 提 出 公 司 治 理 应 与 行 业 特 点 相 匹 配 ， 以 发 挥 其 对 创 新 的 促 进 作 用 ， 是 对 新 结 构 经 济 学

在 微 观 层 面 的 应 用 和 拓 展 ， 也 为 中 国 产 业 升 级 和 经 济 转 型 提 供 了 一 些 政 策 参 考 。

关 键 词 ： 公 司 治 理 研 发 投 入 聚 类 分 析 要 素 密 集 度 行 业 差 异

一

、 弓 言

传 统 的 增 长 理 论 认 为 技 术 创 新 是 经 济 增 长 和 社 会 进 步 的 重 要 动 力 。 然 而 技 术 创 新 的 来 源 是

什 么 ， 如 何 促 进 技 术 创 新 理 论 和 现 实 上 一 直 存 在 争 议 。 内 生 增 长 理 论 中 ， 技 术 创 新 是 关 于 研 发 资

金 和 研 发 人 员 投 人 的 函 数 认 为 增 加 这 两 方 面 的 投 人 即 可 促 进 技 术 创 新 （

。 但 是

怎 样 建 立 起 这 一 长 效 投 人 机 制 ， 内 生 增 长 理论 偏 重 于 政 府 政 策 的 作 用 ， 如 鼓 励 竞 争 和 加 强 法 律 保 护

等 对 企 业 层 面 的 关 注 尚 显 不 足 。

’

从 技 术 创 新 的 参 与 者 来 看 ， 在 科 研 机 构 、 企 业 和 个 人 当 中 ， 企 业 无 疑 是 创 新 的 主 体 。 企 业 追 求

创 新 的 目 的 一 般 是 保 持 市 场 竞 争 力 ， 实 现 长 期 利 润 最 大 化 。 同 时 企 业 运 行 需 要 一 套 基 本 的 制 度 ，

即 公 司 治 理 ， 其 目 的 是 保 证 企 业 可 持 续 发 展 ， 因 此 公 司 治 理 是 企 业 技 术 创 新 的 制 度 基 础

’

，

。 良 好 的 公 司 治 理 使 企 业 不 仅 追 求 短 期 目 标 ， 也 追 求 长 期 目 标 ， 有

利 于 企 业 建 立 起 技 术 创 新 的 长 效 投 人 机 制 （ 党 印 、 鲁 桐

。

近 年 来 一 些 文 献 从 多 个 角 度 研 究 了 公 司 治 理 对 技 术 创 新 的 影 响 关 系 ， 如 股 权 结 构 （

、 激 励 机 制 （

，

、 外 部 治 理 环 境 （

， 国 家 间 公 司

治 理 差 异 （

’

，

等 ， 但 是 对 于 不 同 行 业 技 术 创 新 的 差 异 ， 现 有 文 献 尚 没 有 深 入 讨 论 。

毋 庸 置 疑 ， 在 劳 动 、 资 本 和 技 术 密 集 型 行 业 中 ， 技 术 的 重 要 性 明 显 不 同 ， 各 行 业 在 技 术 创 新 上 的 投 入

也 相 应 不 同 。 那 么 ， 在 不 同 行 业 ， 有 利 于 技 术 创 新 的 公 司 治 理 机制 分 别 是 什 么 ？ 是 否 存 在 一 定 的 共

鲁 桐 ， 中 国 社 会 科 学 院 世 界 经 济 与 政 治 研 究 所 ， 邮 政 编 码 ：

， 电 子 信 箱

党 印 ， 中 国 劳 动 关

系 学 院 ， 邮 政 编 码

电 子 信 箱 ：

。 作 者 感 谢 中 国 社 会 科 学 院 创 新 工 程 项 目 的 资 助 ， 感 谢 教 育 部

年 博 士 研 究 生 学 术 新 人 奖 的 资 助 ， 感 谢 在 香 港 浸 会 大 学 学 术 讨 论 会 上 谭 伟 强 、 孔 东 民 、 王 文 明 和 刘 行 老 师 对 本 文 的 有 益 评 论 和 建

议 感 谢 在 中 国 社 会 科 学 院 世 界 经 济 与 政 治 研 究 所 学 术 讨 论 会 上 宁 向 东 、 高 明 华 、 仲 继 银 、 姚 枝 仲 和 宋 泓 老 师 对 本 文 的 意 见 和 建

议 。 感 谢 匿 名 审 稿 人 的 宝 贵 意 见 和 建 议 作 者 文 责 自 负 。

桐 、 党 印 ： 公 司 治 理 与 技 术 创 新 ： 分 行 业 比 较

性 ？ 公 司 治 理 的 不 同 层 面 对 技 术 创 新 的 影 响 是 否 同 等 重 要 ？ 对 这 些 问 题 的 分 析 有 助 于 深 化 增 长 理

论 关 于 技 术 创 新 来 源 的 微 观 层 面 的 解 释 并 对 我 国 产 业 升 级 和 经 济 转 型 具 有 一 定 的 参 考 意 义 。

二 、 文 献 回 顾

技 术 创 新 的 早 期 文 献 主 要 关 注 企 业 规 模 和 市 场 竞 争 （

吴 延 兵

， 讨论 大 公 司 和 小 公 司 、 垄 断 和 充 分 竞 争 的 创 新 差 异 。 随 着 新 制 度 经 济 学 和 法

经 济 学 的 兴 起 政 府 资 助 、 产 权 和 法 律 等 因 素 进 人 研 究 视 野 （

，

解 维 敏 等 ，

王 俊 ，

， 这 些 研 究 指 出 ， 企 业 技 术 创 新 需 要 良 好 的 外 部 环 境 ， 政 府 应 为 技 术 创 新 提 供 必

要 的 支 持 。 但 是

指 出 ， 在 外 部 环 境 相 同 的 情 况 下 ，

一 些 规 模 和 市 场 影 响 力 相 近 的

企 业 ， 创 新 表 现 却 截 然 不 同 ， 这 些 差 异 只 能 从 企 业 内 部 进 行 解 释 。

认 为 ， 从 企 业 内 部

来 看 创 新 取 决 于 个 体 是 否 投 资 于 某 创 新 项 目 ， 如 何 将 他 们 的 人 力 资 本 和 物 质 资 本 整 合 到 企 业 里 ，

而 这 些 均 是 由 公 司 治 理 结 构 或 机 制 决 定 的 。 诸 多 研 究 认 为 企 业 内 部 由 代 理 问 题 引 发 的 公 司 治 理

机 制 对 技 术 创 新 有 重 要 影 响 （

；

。

指 出 ， 企 业 技 术 创 新 的 权 、 责 、 利 配 置 是 在 公 司 框 架 内 运 作 的 ， 公 司 治 理 机 制 对

技 术 创 新 的 投 人 、 利 益 分 配 和 权 力 配 置 具 有 决 定 性 的 影 响 。

也 认 为 ， 有 效 的 内 部

治 理 机 制 和 外 部 治 理 环 境 是 促 进 技 术 创 新 的 重 要 因 素 ， 并 且 从 国 别 层 面 看 公 司 治 理 、 法 律 环 境 和

金 融 体 系 的 差 异 可 以 解 释 国 家 间 的 创 新 差 异 及 经 济 增 长 的 差 异 。 可 见 ， 公 司 治 理 是 影 响 技 术 创 新

的 重 要 因 素 。

关 于 公 司 治 理 与 技 术 创 新 的 关 系 ， 现 有 文 献 从 行 业 角 度 可 以 分 为 两 类 ： 仅 考 察 某 一 行 业 或 同 时

考 察 多 个 行 业 。

一 些 文 献 主 要 关 注 某 一 特 定 行 业 。 如

以

—

年 美 国 计 算 机

行 业 为 例 ， 考 察 机 构 投 资 者 持 股 与 公 司 研 发 投 人 的 关 系 ， 发 现 这 一 时 期 机 构 投 资 者 持 股 不 利 于 该 行

业 的 研发 投 入 。

以 美 国 医 药 行 业 为 例 ， 发 现 公 司 治 理 会 影 响 到 具 体 的 资 源 配 置 和 战

略 决 策 影 响 企 业 的 创 新 活 动 。 夏 芸 和 唐 清 泉 （

以

—

年 披 露 了 研 发 支 出 的 中 国 高

科 技 上 市 公 司 为 样 本 发 现 高 管 股 权 激 励 与 研 发 支 出 显 著 正 相 关 ， 这 种 正 相 关 关 系 在 公 司 资 源 富 余

水 平 越 高 、 业 绩 越 好 时 更 明 显 。 任 海 云 （

考 察

—

年 中 国 股 制 造 业 公 司 ， 发 现 股 权

集 中 有 利 于 研 发 投 入 一 定 的 股 权 制 衡 很 有 必 要 但 一 股 独 大 和 国 有 控 股不 利 于 研 发 投 入 。 然 而 苏

文 兵 等

以

—

年 中 国 股 制 造 业 公 司 为 研 究 对 象 认 为 第 一 大 股 东 是 国 有 股 或 国

有 法 人 股 的 企 业 ， 研 发 投 人 强 度 更 高 ， 主 要 原 因 是 这 类 企 业 研 发 机 构 更 健 全 ， 相 关 固 定 开 支 具 有 刚

性 并 且 股 权 结 构 相 对 稳 定 发 展 战 略 更 具 长 远 性 和 前 瞻 性 。

另 一 些 文 献 同 时 考 察 多 个 行 业 或 所 有 行 业 。

研 究

—

年 美 国 六 个 行 业 ，

发 现 机 构 投 资 者 持 股 与 公 司 研 发 投 入 的 关 系 因 公 司 不 同 而 存 在 差 异 ， 在 关 系 显 著 的 样 本 中 ， 更 多 的

公 司 表 现 出 正 相 关关 系 ， 这 是 对 他 之 前 研 究 （

的 深 化 。

以

一

年 美 国 上 市 公 司 为 样 本 ， 认 为 机 构 投 资 者 持 股 与 产 品 市 场 竞 争 存 在 互 补 效 应 ， 有 机 构 持 股 的

公 司 具 有 更 好 的 创 新 表 现 。 针 对 中 国 的 研 究 中 ， 公 司 治 理 的 各 个 方 面 均 受 到 关 注 。 周 杰 、 薛 有 志

以

年 沪 深 上 市 公 司 为 样 本 ， 发 现 总 经 理 持 股 和 在 股 东 单 位 任 职 的 董 事 均 对 研 发 投 入

有 积 极 作 用 。 文 芳 （

以

一

年 沪 深 上 市 公 司 为 样 本 ， 发 现 控 股 股 东 持 股 比 例 与 公 司

研 发 投 人 强 度 呈 “ 型 关 系 ， 私 有 产 权 控 股 对 研 发 投 人 的 激 励 效 应 最 大 ， 国 有 资 产 管 理 机 构 控 股 的

激 励 效 应 最 小 。 赵 旭 峰 和 温 军 （

以

—

年 沪 深 上 市 公 司 为 样 本 ， 发 现 有 利 于 创 新 的

董 事 会 特 征 包 括 小 规 模 、 独 立 董 事 占 比 较 高 和 两 职 分 离 等 。

已 有 多 项 研 究 关 注 行 业 间 研 发 投 人 的 差 异 认 为 行 业 性 质 不 同 ， 对 高 新 技 术 的 需 求 不 同 ， 研 发

投 入 必 然 存 在 差 异 。 比 如 ，

认 为 ， 在 特 定 条 件 下 ， 竞 争 性 行 业 比 垄 断 性 行 业 有 更 多 的

年 第 期

研 发 激 励 。

指 出 ， 高 科 技 行 业 的 研 发 投 人 强 度 与 传 统 行 业 有 显 著 不 同 。

根 据 技 术 创 新 状 况 将 产 业 部 门 分 为 三 类 ， 以 电 子 、 化 学 为 代 表 的 部 门 ， 以 机 械 工 具 为 代 表 的

部 门 和 以 纺 织 业 为 代 表 的 部 门 ， 分 别 讨 论 了 各 产 业 创 新 的 来 源 和 影 响 因 素 。 鉴 于 技 术 创 新 的 行 业

间 差 异 ，

一 些 研 究 在 讨 论 与 技 术 创 新 有 关 的 问 题 时 ， 采 用 了 分 行 业 的 方 法 。 如 王 俊 （

在 研 究

政 府 资 助 与 企 业 研 发 投 人 效 率 的 关 系 时 将 样 本 划 分 为 高 研 发 行 业 、 中 等 研 发 行 业 和 低 研 发 行 业 ，

认 为 政 府 应 根 据 行 业 特 征 和 企 业 特 征 调 整 资 助 的 方 式 和 对 象 。 陆 国 庆 （

、 解 维 敏 等 （

也

从 行 业 角 度 考 察 了 技 术 创 新 差 异 、 政 府 资 助 对 企 业 研 发 投 人 的 挤 出 效 应 等 前 者 将 行 业 划 分 为 成 长

行 业 、 成 熟 行 业 和 衰 退 行 业 后 者 将 行 业 划 分 为 高 新 技 术 行 业 和 非 高 新 技 术 行 业 。

现 有 文 献 呈 现 三 个 特 点 ： 第 一

， 研 究 对 象 上 ， 多 为 考 察 某 行 业 公 司 治 理 对 技 术 创 新 的 影 响 ， 或 者

不 加 区 分 ， 以 某 国 所 有 公 司 为 样 本 很 少 有 研 究 分行 业 讨论 治 理 对 创 新 的 影 响 。 这 两 种 方 法 虽 然 可

以 得 出 局 部 与 总 体 的 情 况 但 不 能 反 映 行 业 间 的 差 异 。 第 二 分 类 方 法 上 相 关 文 献 大 多 根 据 经 验

观 察 列 出 行 业 分 类 结 果 ， 缺 乏 严 格 的 分类 依 据 。 第 三 要 么 只 研 究 公 司 治 理 的 一 个 方 面 ， 要 么 没 有

区 分 公 司 治 理 的 层 次 性 ， 认 为 各 方 面 同 等 重 要 使 我 们 无法 获 得 治 理 与 创 新 关 系 的 整 体 性 认 识 。

本 文 认 为 不 同 行 业 对 创 新 的 需 求 有 所 不 同 ， 公 司 所 在 的 行 业 特 点 是 影 响 研 发 投 人 的 因 素 之

一

。 对 于 同 行 业 、 规 模 相 当 的 企 业 研发 投 人 的 区 别 应 从 公 司 治 理 的 层 面 进 行 解 释 。 本 文 首 先 从 理

论 层 面 分 析 公 司 治 理 与 技 术 创 新 的 关 系 ， 系 统 分 析 公 司 治 理 的 股 东 、 董 事 会 和 激 励 机 制 等 三 方 面 对

技 术 创 新 的 影 响 关 系 ， 然 后 以

—

年

家 沪 深 、 股 上 市 公 司 为 样 本 ， 依 据 固 定 资 产

比 重 和 研 发 支 出 比 重 两 个 指 标 用 聚 类 分 析 的 方 法 将 所 有 公 司 划 分 为 劳 动 密 集 型 、 资 本 密 集 型 和

技 术 密 集 型 三 个 行 业 对 比 考 察 不 同 行 业 公 司 治 理 对 技 术 创 新 的 影 响 ， 以 丰 富 该 领 域 的 相 关 研 究 。

全 文 其 余 部 分结 构 安 排 如 下 ： 第 三 部 分 从 理 论 上 分 析 公 司 治 理 与 技 术 创 新 的 关 系 ， 构 建 计 量 模 型 ，

并 对 实 证 变 量 进 行 说 明 ； 第 四 部 分 是 实 证 结 果 及 相 关 讨论 ； 第 五 部 分 是 结 论 与 政 策 含 义 。

三 、 理论 分 析 、 模 型 与 数 据

一

） 理论 分 析

公 司 治 理 以 外 的 因 素

在 企 业 层 面 决定 技 术 创 新 的 因 素 主 要 有 企 业 规 模 、 所 处 行 业 及 公 司 治 理 因 素 等 （ 聂 辉 华 等 ，

。 关 于 企 业 规 模 与 创 新 的 关 系 ， 理 论 分 析 可 追 溯 到

他 先 后 提 出 两 种 关 于

创 新 的 假 说 一 是 新 成 立 的 小 公 司 乃 创 新 主 体 ， 因 为 小 公 司 能 灵 活 地 克 服 组 织 惰 性 ， 取 得 重 大 的 技

术 突 破 ，

二 是 垄 断 型 大 公 司 乃 创 新 主 体 ， 因 为 大 公 司 有 足 够 的 实 力 建 立 优 良 的 实 验 室 ， 并 将 研 发 成

果 迅 速 应 用 于 实 践 。 后 来 有 大 量 研 究 验 证 这 两 个 假 说 但 规 模 与 创 新 之 间 呈 型 还 是 倒 型 曲 线

关 系 ， 不 同 研 究 的 结 果 大 相 径 庭 （ 聂 辉 华 等 ，

。 也 有 大 量 研 究 将 关 注 点 从 企 业 规 模 转 向 市 场

结 构 或 市 场 竞 争 情 况 ， 但 得 出 的 结 论 基 本 相 似 （ 吴 延 兵

一 个 折 衷 的 观 点 是 ， 大 公 司 和 小 公

。

司 在 不 同 产 业 和 市 场 集 中 度 下 各 自 具有 创 新 优 势 大 公 司 在 资 本 密 集 型 行 业 有 创 新 优 势 ； 在 企 业 成

长 早 期 ， 如 果 完 全 依 靠 劳 动 力 ， 则 小 公 司 有 创 新 优 势 （

我 们 认 为 ， 规 模 、 市

场 结 构 与 市 场 竞 争 情 况 在 本 质 上 是 一 致 的 规 模 越 大 的 企 业 ， 通 常 市 场 份 额 也 越 大 ， 其 所 在 的 市 场

更 趋 于 不 完 全 竞 争 或 垄 断 ； 规 模 越 小 的 企 业 则 相 反 。 在 一 定 程 度 上 ， 规 模 可 以 反 映 企 业 所 处 的 市 场

结 构 或 竞 争 情 况 。 无 论 怎 样 在 分 析 企 业 层 面 技 术 创 新 的 决 定 因 素 时 ， 规 模 因 素 不 容 忽 视 。

从 所 处 行 业 来 看 不 同 行 业 的 创 新 重 点 各 有 不 同 ， 产 品 创 新 、 服 务 创 新 及 商 业 模 式 创 新 等 不 一

而 足 。 有 些 行 业 靠 研 发 立 足 （ 如 医 药 、 电 子 、 生 物 ） ， 有 些 行 业 靠 产 品 质 量 立 足 （ 如 日 用 品 ） ， 有 些 行

业 靠 服 务 质 量 立 足 （ 如 物 流 、 配 送 ） ， 只 有 靠 研 发 质 量 立 足 的 行 业 更 注 重 技 术 创 新 ， 因 此 众 多 研 究 公

司 治 理 与 技 术 创 新 关 系 的 文 献 只 以 高 新 技 术 企 业 为 样 本 。 但 是 ， 反 过 来 看 ， 任 何 行 业 均 有 高 科 技 公

魯 桐 、 党 印 ： 公 司 治 理 与 技 术 创 新 ： 分 行 业 比 较

司 。 为 什 么 在 特 定 行 业 中 ， 有 的 公 司 有 专 门 的 研 发 活 动 ， 有 的 公 司 却 无 ？ 为 什 么 在 高 新 技 术 企 业

中 ， 某 些 公 司 技 术 创 新 的 力 度 大 其 他 公 司 技 术 创 新 的 力 度 小 ？ 我 们 认 为 ， 在 控 制 行 业 因 素 后 ， 以 上

问 题 需 要 从 公 司 治 理 层 面 进 行 解 释 。

公 司 治 理 层 面 的 因 素

公 司 治 理 起 源 于 解 决 两 权 分 离 所 产 生 的 代 理 问 题 基 本 目 的 是 保 证 投 资 者 和 利 益 相 关 者 的 利

益 不 受 损 害 ， 主 要 有 股 东 理 论 和 利 益 相 关 者 理 论 ， 分 别 认 为 公 司 治 理 应 更 注 重 股 东 利 益 和 所 有 利 益

相 关 者 的 利 益 （

。 近 年 来 兴 起 的 公 司 治 理 的 组 织 控 制 理 论 认 为 ， 以 上 两 个

理 论 均 是 关 于 剩 余 收 益 的 分 配 忽 视 了 剩 余 收 益 是 如 何 通 过 资 源 的 开 发 和 利 用 而 产 生 的 ， 忽 视 了 生

产 过 程 的 重 要 性 （

；

该 理 论 认 为 ， 经 济 分 析 的 研究 重 心

是 生 产 什 么 、 如 何 生 产 和 为 谁 生 产 等 资 源 配 置 问 题 ，

一 个 有 力 的 资 源 配 置 理 论 必 须 能 体 现 对 创 新 过

程 主 要 特 征 的 理 解 。 由 于 创 新 是 成 功 的 企 业 随 着 时 间 推 移 改 善 其 绩 效 并 彼 此 分 出 高 下 的 核 心 内

容 ， 公 司 治 理 体 制 决 定 着 公 司 中 谁 有 权 做 出 投 资 决 策 、 做 出 何 种 投 资 决 策 以 及 如 何 分 配 这 种 投 资 所

产 生 的 收 益 ， 因 此 公 司 治 理 应 更 关 注 企 业 效 益 的 产 生 过 程 ， 即 更 关 注 创 新 。 党 印 、 鲁 桐 （

认

为 公 司 治 理 是 平 衡 股 东 、 董 事 会 和 管 理 层 等 利 益 相 关 者 关 系 的 一 套 制 度 安 排 其 最 终 目 的 是 提 升

企业 效 率 和 企 业 价 值 ， 实 现 企 业 长 远 发 展 并 以 此 保 护 投 资 者 利 益 。 由 于 创 新 是 任 何 企 业 保 持 长 期

竞 争 力 的 核 心 条 件 ， 因 此 良 好 的 公 司 治 理 应 以 创 新 和 价 值 创 造 为 导 向 。

一 般 而 言 公 司 治 理 主 要 包 括 股 东 、 董 事 会 和 激 励 机 制 等 三 个 层 面 。 股 东 层 面 涉 及 股 权 集 中 度

和 股 权 性 质 ， 较 高 的 股 权 集 中 度 可 以 减 轻 两 权 分 离 所 产 生 的 代 理 问 题 ， 国 有 股 东 与 民 营 股 东 的 关 注

重 点 显 著 不 同 。 股 东 委 派 董 事 董 事 会 选 聘 管 理 层 ， 因 此 股 权 集 中 度 和 股 权 性 质 决 定 了 一 个 公 司 最

基 本 的 治 理 架 构 公 司 的 发 展 和 公 司 治 理 的 各 种 问 题 均 可 在 股 东 层 面 找 到 根 源 。 大 股 东 的 背 景 及

持 股 比 例 在 一 定 程 度 上 决 定 了 一 个 公 司 对 创 新 的 态 度 、 对 研 发 的 支 持 力 度 。 董 事 会 是 现 代 公 司 治

理 的 核 心 。 董 事 之 间 知 识 的 差 异 性 和 互 补 性 、 适 度 规 模 的 董 事 会 可 以 缓 解 经 营 者 在 技 术 创 新 中 的

代 理 问 题 ， 促 进 经 营 者 进 行 技 术 创 新 活 动 。 在 技 术 创 新 决 策 中 ， 独 立 董 事 一 方 面 要 保 持 独 立 性 和 制

衡 性 ， 防 止 经 理 人 因 短 视 而 推 动 高 风 险 项 目 ， 另 一 方 面 需 提 供 专 业 化 的 咨 询 ， 鼓 励 开 展 有 利 于 企 业

长 远 发 展 的 项 目 ， 提 高 企 业 的 创 新 效 率 。 董 事 长 与 总 经 理 两 职 合 一 有 利 于 提 高 决 策 效 率 但 不 利 于

权 力 监 督 和 制 约 ； 两 职 分 离 有 利 于 职 责 分 工 ， 但

，

能 产 生 信 息 不 对 称 和 道 德 风 险 。 究 竟 哪 种 方 式 更

利 于 技 术 创 新 活 动 ， 需 要 视 情 况 而 定 。 激 励 机 制 包 括 薪 酬 激 励 、 股 票 激 励 和 期 权 激 励 等 。 薪 酬 激 励

是 最 常 见 的 激 励 方 式 ， 高 额 的 薪 酬 是 管 理 层 价 值 的 体 现 ， 如 杲 管 理 层 不 能 实 现 既 定 的 经 营 目 标 ， 其

更 换 职 位 的 机 会 成 本 往 往 很 高 。 为 防 止 逆 向 选 择 和 道 德 风 险 ，

一 些 公 司 相 继 推 行 管 理 层 持 股 计 划 、

管 理 层 和 核 心 技 术 人 员 的 期 权 激 励 计 划 。 期 权 持 有 者 可 以 获 得 股 价 上 升 的 收 益 ， 因 此 更 加 关 注 公

司 的 长 远 发 展 。 总 体 而 言 ， 良 好 的 激 励 机 制 有 利 于 企业 开 展 技 术 创 新 活 动 加 大 研 发 力 度 。

二 ） 基 本 模 型 与 变 量 设 定

综 合 以 上 分 析 我 们 构 建 如 下 计 量 回 归 模 型 ：

’

氏

被 解 释 变 量 是 研 发 投 入 强 度 解 释 变 量 包 括 公 司 治 理 的 股 东 、 董 事 会 和 激 励 机 制 等 三 方 面 ， 控

制 变 量 反 映 公 司 的 基 本 特 征 ， 各 变 量 的 具 体 情 况 如 下 ：

被 解 释 变 量 。 通 常 有 两 类 指 标 衡 量 企 业 的 技 术 创 新 ， 分 别 是 投 人 和 产 出 ， 投 人 即 研 发 资 金

或 研 究 人 员 的 投 入 ， 产 出 即 专 利 数 量 、 专 利 的 引 用 率 、 新 产 品 的 数 量 或 新 产 品 的 销 售 收 入 等 （

，

。

、 冯 根 福 和 温 军 （

指 出 ， 技 术 创 新 成 果 的 可 比 较 性 较 差 ， 受 外 生 因

素 的 影 响 较 大 较 少 受 管 理 层 控 制 所 在 不 宜 把 产 出 作 为 被 解 释 变 量 。 但 创 新 投 入 却 不 同 ， 其 主 要

位 （务 辟 生 年 第 期

由 企 业 的 经 营 者 决 定 可 反 映 经 营 者 是 否 存 在 代 理 行 为 。 我 们 采 用 文 献 中 常 用 的 两 个 指 标 来 衡 量

企 业 的 研 发 投 人 强 度 ， 分 别 是 研 发 支 出 占 总 资 产 的 比 重 （

、 研 发 支 出 占 营 业 收 人 的 比 重 （

， 数 值 越 大 表 明 企 业 越 注 重 技 术 创 新 。

解 释 变 量 。

（ 股 东 层 面 。 我 们 关 注 以 下 代 表 性 指 标 ： ① 股 权 集 中 度 ， 用 第 一 大 股 东 的 持 股

比 例 （

及 其平 方 （

来 衡 量 。 ② 股 权 性 质 （

以 第 一 大 股 东 的 背 景 来 衡 量 ， 国 有 取

值 为 ， 非 国 有 取 值 为 。 为 同 时 考 察 股 权 集 中 度 和 股 权 性 质 ， 这 里 引 人 第 一 大 股 东 持 股 比 例 和 第

一 大 股 东 背 景 的 交 叉 项 （

。 ③ 股 权 平 衡 度 ， 用 第 二 至 第 十 大 股 东 持 股 比 例 之 和 （

、

年 末 各 证 券 投 资 基 金 持 股 比 例 总 和 （

来 衡 量 。 需 说 明 的 是 ， 证 券 投 资 基 金 是 近 年 来 具 有 代 表

性 的 机 构 投 资 者 。

数 据 显 示 ，

—

年 按 算 术 平 均 法 计 算 ， 全 部 、 股 上 市 公 司 中 ， 证

券 投 资 基 金 平 均 持 股 比 例 为

， 远 高 于 信 托 公 司 （

、 社 保 基 金 （

、 券 商

等 其 他 机 构 投 资 者 。 由 于 其 持 股 比 例 最 大 ， 运 营 信 息 更 加 公 开 ， 因 此 选 取 该 指 标 衡 量 股

权 平 衡 情 况 。

（ 董 事 会 。 我 们 采 用 文 献 中 常 用 的 三 个 变 量 ： ① 董 事 会 规 模 （

用 董 事 会 总

人 数 的 对 数 值 表 示 。 ② 董 事 会结 构 ， 以 董 事 会 中 独 立 董 事 的 比 例 （

进 行 衡 量 。 ③ 董 事 长 和

总 经 理 的 两 职 设 置 情 况 （

两 职 兼 任 时 取 傳 为 ， 两 职 分 离 时 取 值 为 。

（ 激 励 机 制 。 ①

薪 酬 激 励 用 董 监 高 的 年 薪 总 额 （

单 位 为 亿 ） 进 行 衡 量 。 ② 股 票 激 励 ， 用 董 监 高 的 持 股 比 例

总 和 （

来 衡 量 。 ③ 核 心 技 术 人 员 的 期 权 激 励 （

用 当 年 核 心 技 术 人 员 获 得 的 期 权 占 发 行

期 权 总 额 的 比 例 来 表 示 。 其 中 ， 薪 酬 激 励 和 股 票 激 励 分 别 衡 量 董 监 高 的 长 、 短 期 激 励 。 公 司 对 核 心

技 术 人 员 的 激 励 也 通 常 包 括 固 定 年 薪 、 股 票 和 期 权 激 励 。 由 于 核 心 技 术 人 员 的 主 要 工 作 是 创 新 性

的 ， 绩 效 工 资 是 比 固 定 工 资 更 好 的 激 励 手 段 （

鉴 于 数 据 的 可 得 性 ， 我 们 以

核 心 技 术 人 员 拥 有 的 期 权 份 额 来 衡 量 公 司 对 此 类 员 工 的 激 励 力 度 。

控 制 变 量 。 结 合 理 论 分 析 及 现 有 文 献 （ 刘 运 国 、 刘 雯

解 维 敏 等

控 制 变 量 包 括

企 业 规 模 （

、 杠 杆 比 率 （

、 实 际 控 制 人 类 型 （

、 行 业 效 应 （

和 年 度 效 应 （

等 。 其 中 ， 企 业 规 模 的 单 位 是 元 ； 杠 杆 比 率 反 映 企 业 的 资 产 负 债 结 构 ， 是 负 债 总 额 与 资 产 总 额 的 比

值 实 际 控 制 人 分 为 两 类 ， 国 有 取 值 为 ， 非 国 有 取 值 为 根 据 证 监 会 对 上 市 公 司 的 行 业 分 类 剔 除

金 融 行 业 后 ， 我 们 对 个 行 业 取 个 哑 变 量 ； 本 文 共 个 会 计 年 度 故 生 成 个 年 度 哑 变 量 。

三 ） 样 本 选 择 及 数 据 说 明

本 文 以

—

年 沪 深 、 股 公 司 为 样 本 ， 对 上 述 回 归 模 型 的 进 行 检 验 。 以

年 为 起

始 时 间 与 我 国 上 市 公 司 研 发 支 出 的 信 息 披 露 情 况 有 关 。 财 政 部 于

年 颁 布 《 企 业 会 计 准 则 第

号—— 无 形 资 产 》 ， 对 企 业 披 露 研 究 与 开 发 阶 段 的 研 发 支 出 做 出 具 体 规 定 。 为 与 该 会 计 准 则 配 套 ，

证 监 会 于

年 对 上 市 公 司 和 拟 上 市 公 司 研 发 支 出 的 披 露 规 范 做 出 要 求 。 由 此 研 发 支 出 作 为 上

市 公 司 的 披 露 项 目 被 明 文 确 定 下 来 。 财 政 部 的 新 会 计 准 则 于

年 月

日 起 实 施 一 些 上 市 公

司 在 编 制

年 年 报 时 已 加 人 研 发 支 出 项 目 。 年 报 亦 显 示 ， 大 多 数 公 司 从

或

年 开 始 披

露 研 发 支 出 ， 之 前 只 有 极 少 公 司 披 露 这 一 项 目 （ 文 芳 ，

。 因 此 考 虑 到 正 式 的 文 件 规 定 和 样 本

数 量 我 们 以

年 为 起 始 年 份 。 另 外 ， 自

年 股 市 场 向 境 内 个 人 投 资 者 开 放 后 ， 外 资 不 断

撤 离 ， 国 内 投 资 者 成 为 股 的 投 资 主 体 ， 由 于 上 市 企 业 均 来 自 国 内 ， 所 受 法 律 制 约 也 来 自 国 内 ， 股

实 质 上 巳 经 股 化 了 ， 故 我 们 同 时 选 取 、 股 为 研 究 对 象 。

关 于 研 发 支 出 的 数 据 来 源 ， 已 有 研 究 多 为 手 工 收 集 ， 但 对 于 相 同 年 份 不 同 文 献 给 出 的 样 本 数

量 有 明 显 差 异 （ 周 杰 和 薛 有 志 ，

文 芳 ，

赵 旭 峰 和 温 军

任 海 云 ，

苏 文 兵 等 ，

。 之 所 以 出 现 这 些 统 计 误 差 ， 我 们 认 为 与 公 司 研 发 支 出 的 披 露 口 径 不 一 致 有 关 。 鉴 于 近 年

来 上 市 公 司 披 露 研 发 支 出 的 信 息 逐 步 规 范 不 少 公 司 亦 在 最 新 年 报 中 充 之 前 年 度 的 研 发 信 息 ， 专

业 数 据 库 比 个 人 收 集 数 据 的 误 差 更 小 ， 本 文 研 发 支 出 的 数 据 主 要 源 于 国 泰 安 （

数 据 库 ， 对

桐 、 党 印 ： 公 司 治 理 与 技 术 创 新 ： 分 行 业 比 较

于 部 分 缺 失 数 据 我 们 用

数 据 库 进 行 补 充 并 根 据 年 报 对 全 部 公 司 按

比 例 进 行 抽 样 核 对

和 补 充 。 结 果 显 示 ，

—

年 披 露 了 研 发 支 出 ， 且 研 发 支 出 大 于 的 上 市 公 司 家 数 分 别 为

、

、

、

和

。 本 文 以 这 些 公 司 为 研 究 对 象 ， 所 有 公 司 治 理 变 量 的 数 据 来 自 国 泰 安

数 据 库 。 剔 除 金 融 业 公 司 、 当 年 被 特 别 处 理 的 公 司 和 各 变 量 数 据 不 全 的 公 司 ， 最 终 得 到

家 公 司

—

年 的 非 平 衡 面 板 数 据 共

个 观 测 值 其 中 制 造 业 占

信 息 技 术 业

占 〗

， 其 他 行业 占

。 为 消 除 极 端 值 的 影 响 ， 我 们 对 连 续 性 变 量 按

水 平 进 行 了

处 理 。

一

） 描 述性 统 计 结 果

四 、 实 证 结 果 与 分 析

主 要 变 量 的 描 述 性 统 计 见 表 。 研 发 支 出 占 总 资 产 比 重 的 均 值 为

研 发 支 出 占 营 业 收 入

比 重 的 均 值 为

， 两 个 指 标 的 四 分 位 数 差 异 较 大 标 准 差 也 较 大 ， 表 明 中 国 上 市 公 司 在 研 发 投

人 上 存 在 着 较 大 的 差 异 性 。 在 股 东 方 面 ， 第 一 大 股 东 持 股 比 例 的 均 值 为

， 四 分 之 一 和 四 分 之

三 分 位 数 分别 为

、

表 明 一 股 独 大 现 象 在 上 市 公 司 中 比 较 普 遍 。 并 且

的 公 司 第 一

大股 东 是 国 有 背 景 ， 说 明 这 种 一 股 独 大 实 质 上 是 国 有 股 一 股 独 大 。 第 二 至 第 十 大 股 东 持 股 比 例 的

均 值 为

四 分 之 三 分 位 数 为

， 远 低 于 第 一 大 股 东 的 平 均 水 平 ， 表 明 样 本 公 司 的 股 权 制 衡

度 较 弱 。 基 金 持 股 有 较 大 差 异 ， 四 分 之 一 和 四 分 之 三 分 位 数 分 别 为 和

中 位 数 是

说

明 仅 有 少 数 公 司 有 基 金 持 股 且 持 股 比 例 较 高 。

表

主 要 变 量 的 描 述 性 统 计

变 量 名

变 量 说 明

研 发 支 出 总 资 产

研 发 支 出 营 业 收 入

第 一 大 股 东 持 股 比 例

第 一 大 股 东 股 权 性 质

第 — 股 东 持 股 比 例

基 金 持 股 比 例 总 和

董 事 会 人 数 的 对 数 值

独 立 董 事 的 比 例

两 职 设 置 情 况

董 监 高 年 薪 总 额

董 监 高 持 股 比 例 总 和

核 心 技 术 人 员 的 激 励

资 产 总 额 的 自 然 对 数

负 债 总 额 资 产 总 额

实 际 控 制 人 的 类 型

董 事 会 方 面 董 事 会 的 规 模 和 两 职 设 置 情 况 几 乎 没 有 差 异 ， 独 立 董 事 比 例 的 差 异 也 很 小 ， 表 明

上 市 公 司 董 事 会 在 形 式 上 实 现 了 基 本 统 一

。 在 薪 酬 激 励 方 面 ， 四 分 之 一 和 四 分 之 三 分 位 数 分 别 为

、

， 标 准 差 为

， 表 明 上 市 公 司 的 激 励 力 度 存 在 明 显 不 同 。 董 监 高 的 持 股 比 例 也 有

很 大 差 异 ， 中 位 数 为 四 分 之 三 分 位 数 为

， 但 是 均 值 为

说 明 董 监 高 要 么 没 有 持 股 ， 要

么 持 有 较 大 比 例 的 股 份 。 核 心 技 术 人 员 获 得 的 期 权 比 例 也 呈 现 很 大 差 异 ， 四 分 之 三 分 位 数 为 ， 但

年 第 期

是 均 值 为

说 明 只 有 少 数公 司 实 施 了 这 一 激 励 机 制 ， 且 激 励 力 度 很 大 。 控 制 变 量 中 ， 企 业 规

模 的 均 值 和 中 位 数 相 当 标 准 差 相 对 较 小 分 布 较 对 称 杠 杆 比 率 的 四 分 之 一 和 四 分 之 三 分 位 数 存

在 较 大 差 异 ； 实 际 控 制 人 为 国 有 背 景 的 平 均 值 为

与 第 一 大 股 东 的 情 况 基 本 相 近 。

二 ） 不 分 行 业 的 全 样 本 回 归

为 了 与 现 有 研 究 结 果 对 比 ， 以 及 与 分 行 业 回 归 结 果 对 比 ， 我 们 先 不 区 分 行 业 进 行 全样 本 回 归 。

结 果 显 示 无 论 研 发 投 人 强 度 以 研 发 支 出 占 总 资 产 比 重 衡 量 ， 还 是 以 研 发 支 出 占 营 业 收 人 比 重 衡

量 股 东 和 激励 机 制 对 研 发 投 人 的 影 响 具 有 显 著 性 ， 董 事 会 方 面 的 变 量 普 遍 没 有 显 著 性 。 具 体 而

言 在 股 东 方 面 ， 第 二 至 第 十 大 股 东 持 股 比 例 、 基 金 持 股 比 例 对 研 发 投 人 有 显 著 的 正 向 影 响 ， 表 明 一

定 的 股 权 平 衡 有 利 于 技 术 创 新 基 金 持 股 会 促 使 企 业 关 注 长 远 发 展 ， 加 大 创 新 投 人 。 与 第 一 大 股 东

相 关 的 变 量 中 ， 仅 第 二 个 回 归 中 第 一 大 股 东 持 股 比 例 及 平 方 项 表 现 出 显 著 性 ， 其 它 回 归 系 数 均 不 显

著 ， 表 明 这 种 非 线 性 关 系 不 具 有 稳 定 性 。 在 激 励 机 制 方 面 董 监 高 的 薪 酬 、 持 股 比 例 ， 及 核 心 技 术 人

员 期 权 激 励 对 研 发 投 人 均 具 有 显 著 的 正 向 影 响 ， 表 明 良 好 的 激 励 措 施 会 使 高 管 和 核 心 技 术 人 员 的

个 人 目 标 与 企 业 目 标 一 致 有 利 于 减 轻 代 理 问 题 加 大 研 发 投 人 以 促 进 企 业 发 展 。

表

公 司 治 理 对 技 术 创 新 影 响 的 全 行 业 回 归

，

，

在 董 事 会 方 面 ， 董 事 会 规 模 对 研 发 投 人 有

正 向 影 响 ， 两 职 分 离 对 研 发 投 人 呈 负 向 影 响 ， 这

与 赵 旭 峰 和 温 军 （

的 结 论 刚 好 相 反 ， 只 有

独 董 事 比 例 与 研 发 投 ： 人 的 关 系 与 他 们 的 结 论

一 致 ’ 呈 正 向 影 响 ’ 但 显 ■ 著 性 不 够 明 显 。 周 杰 和

薛 有 志 （

也 认 为 ， 外 部 独 立 董 事 、 内 部 董

事輔 事 会纏 与 研 发 投 入 水 平 不 存 在 显 著 关

系 。 我 们 认 为 ’ 不 同 研 究 的 结 论 存 在 差 异 ’ 除 了

样 本 数 量 及 指 标 不 同 ， 另 一 个 原 因 是 在 中 国 当

的 公 司 制 度 下 ’ 大 多 数 上 市 公 司 的 董 事 会 建

设 只 是 停 留 于 符 合 证 监 会 的 规 定 ， 虽 然 在 形 式

上 已 经 健 全 但 没 有 切 实 发 挥 在 公 司 治 理 中 的

用 。 在 全 行 业 回 归 无 法 区 分 差 异 的 清 况 下 ，

分 行 业 回 归 更 能 深 人 地 考 察 董 事 会 的 作 用 。

二

分 行 业 的 回 归 结 果

；

⑴ 行 业 聚 类 分 析

聚 类 分 析 是 依 据 定 的 指 标 ’ 将 样 本 按 相

— 分 成 不

类 别 。 目 肺 这 种 方 法 对 上 市

公 司 做 行 业 分 类 的 研 究 尚 不 多 见 。 王 凤 荣 和 李

靖 （

、 李 善 民 和 叶 会 （

曾 探 索 按 要 素

密 集 度 对 行 业 进 行 分 类 ， 不 过 分 类 依 据 乃 基 于

通贿 。 本找 ■ 行 业雌 为 基 础 ，

剔 除 金 融 行 业 后 ， 将 制 造 业 的 细 分 行 业 与 其 他

行 业 并 列 ， 按 行 业 的 要 素 密 集 情 况 进 行 聚 类 分

化 办 曰 她 从 … 人

丨 丨 办 丨 八 止 丑 ： 土 办 座 如 彻

本 密 集 型 和 技 术 密 集 型 三 类 。

一

一

一 一

一

—

—

一

控 制

—

控 制

注 ：

…

“

、

、 分 别 表 示 在

、

、

置 信 水 平 上 显 著 ， 括

号 内 为 统 计 量 下 同

我 们 的 分 类 指 标 为 固 定 资 产 比 重 和 研 发 支 出 比 重 计 算 公 式 如 下 ：

固 定 资 产 比 重 固 定 资 产 净 值 总 资 产

（

桐 、 党 印 ： 公 司 治 理 与 技 术 创 新 ： 分 行 业 比 较

研 发 支 出 比 重 研 发 支 出 应 付 职 工 薪 酬

（

式

区 分 生 产 要 素 中 固 定 资 产 的 重 要 程 度 ， 比 值 越 大 表 明 资 本 越 重 要 ， 则 属 于 资 本 密 集 型 行

业 ； 式 （ 区 分 研 发 支 出 在 生 产 要 素 中 的 重 要 性 ， 如 果 研 发 支 出 远 多 于 职 工 薪 酬 ， 表 明 技 术 要 素 比

劳 动 更 重 要 ， 则 属 于 技 术 密 集 型 行 业 剩 余 为 劳 动 密 集 型 行 业 。 我 们 先 分 别 计 算 出 个 行 业 的 固

定 资 产 比 重 、 研 发 支 出 比 重 ， 然 后 采 用 聚 类 分 析 中 应 用 较 广 泛 的 离 差 平 方 和 法 （

将 所

有 行 业 分 为 三 大 类 。 这 一 方 法 的 优 势 在 于 使 群 内 的 差 异 尽 量 小 ， 群 间 的 差 异 尽 量 大 ； 当 类 数 固 定

时 使 整 个 类 内 离 差 平 方 和 达 到 极 小 的 分 类 即 为 最 优 。 分 类 结 果 见 表 。

表

按 要 素 密 集 度 的 行 业 分 类

劳 动 密 集 型

资 本 密 集 型

技 术 密 集 型

农 、 林 、 牧 、 渔 业

建 筑 业

造 纸 、 印 刷

电 子

采 掘 业

交 通 运 输 、 仓 储 业

石 油 、 化 学 、 塑 肢 、 塑 料

机 械 、 设 备 、 仪 表

食 品 、 饮 料

批 发 和 零 售 贸 易

金 属 、 非 金 属

医 药 、 生 物 制 品

纺 织 、 服 装 、 皮 毛

传 播 与 文 化 产 业

房 地 产 业

木 材 、 家 具

综 合 类

社 会 服 务 业

其 他 制 造 业

信 息 技 术 业

电 力 、 煤 气 及 水 的 生 产 和 供 应 业

总 体 而 言 ， 由 聚 类 分 析 得 出 的 分 类 结 果 与 直 观 上 的 判 断 基 本 一 致 ， 劳 动 密 集 型 行 业 较 多 ， 其 它

两 个 行 业 较 少 。 分 类 后 ， 三 大 行 业 研 发 支 出 占 总 资 产 比 重 的 均 值 分 别 为

、

、

研 发

支 出 占 营 业 收 入 比 重 的 均 值 分 别 为

、

、

说 明 各 行 业 在 研 发 投 人 上 确 实 存 在 差 异 。

其 中 ， 社 会 服 务 业 （ 在 分 类 结 果 中 属 于 资 本 密 集 型 ， 而 通 常 认 为 该 行 业 是 劳 动 密 集 型 。 我 们 发

现 ， 该 行 业 上 市 公 司 的 主 业 多 为 旅 游 和 酒 店 ， 人 力 资 本 的 作 用 固 然 重 要 但 与 固 定 资 产 投 人 相 比 ， 在

总 资 产 中 的 份 额 相 对 较 小 ， 因 此 这 一 分 类 更 符 合 其 行 业 的 本 质 。 其 他 制 造 业 （

公 司 在 年 报 和 网

站 上 均 明 确 说 明 研 发 部 门 在 公 司 的 重 要 地 位 并 披 露 了 相 关 研 发 信 息 ， 普遍 具 有 较 高 的 研 发 投 入 强

度 ， 因 此 属 于 技 术 密 集 型 行 业 在 情 理 之 中 。

按 要 素 密 集 度 的 分 行 业 回 归

在 对 所 有 行 业 分 类 后 ， 我 们 将 三 大 行 业 分 为 三 组 ， 分 别 进 行 回 归 分 析 ， 控 制 变 量 中 不 再 包 括 行

业 因 素 具 体 结 果 见 表 。

第 一

， 不 同 行 业 中 ， 有 利 于 创 新 的 公 司 治 理 因 素 存 在 相 同 点 ， 分 别 是 第 二 至 第 十 大 股 东 持 股 比

例 、 基 金 持 股 比 例 和 董 监 高 持 股 比 例 。 这 三 个 比 例 越 高 ， 公 司 的 创 新 投 入 越 大 。 第 二 至 第 十 大 股 东

持 股 比 例 的 显 著 性 表 明 ，

一 定 的 股权 平 衡 度 有 利 于 合 理 决 策 将 促 进 技 术 创 新 。 基 金 持 股 在 各 行 业

均 会 促 进 公 司 加 大 研 发 投 入 ， 这 表 明 基 金 具 有 长 期 持 股 的 倾 向 ， 这 种 倾 向 使 其 关 注 公 司 的 长 远 发

展 促 进 公 司 进 行 技 术 创 新 。 董 监 高 持 股 对 研 发 投 人 也 有 正 向 影 响 ， 这 符 合 基 本 的 代 理 理 论 ， 即 当

高 管 的 个 人 目 标 与 企 业 目 标 一 致 时 ， 逆 向 选 择 和 道 德 风 险 等 代 理 问 题 将 减 轻 ， 公 司 的 决 策 将 更 考 虑

长 远 利 益 ， 从 而 有 利 于 加 大 研 发 投 人 力 度 。

第 二 ， 资 本 密 集 型 和 技 术 密 集 型 行业 表 现 出 一 定 的 共性 。 在 这 两 个 行 业 ， 董 监 高 的 薪 酬 对 研 发

投 人 强 度 有 显 著 的 正 向 影 响 。 劳 动 密 集 型 行 业 中 的 回 归 系 数 虽 然 也 为 正 ， 但 是 不 显 著 。 这 说 明 薪

酬 激 励 在 前 两 者 中 的 重 要 性 ， 即 一 旦 涉 及 到 企 业 长 远 目 标 ， 需 要 做 出 是 否 投 人 研 发 和 投 入 多 少 的

决 策 时 ， 就 须 减 少 高 管 人 员 追 求 短 期 目 标 的 动 机 此 时 薪 酬 激 励 无 疑 是 良 好 的 激 励 手 段 。 对 于 劳

动 密 集 型 行 业 ，

一 个 可 能 的 解 释 是 ， 公 司 对 技 术 创 新 的 需 求 相 对 较 小 ， 股 权 激 励 已 可 以 起 到 对 技

术 创 新 的 引 导 作 用 ， 薪 酬 激 励 的 作 用 更 多 体 现 在 对 创 新 以 外 其 他 工 作 上 ， 因 此 对 创 新 的 促 进 作 用

不 明 显 。

表

公 司 治 理 对 技 术 创 新 影 响 的 分 行 业 回 归

劳 动 密 集 型

资 本 密 集 型

技 术 密 集 型

年 第 期

“

”

“

…

…

”

—

“

…

…

…

…

’

…

一

”

—

…

…

“

—

”

…

…

…

注 ： 回 归 模 型 已 控 制 年 度 效 应 （

限 于 篇 幅 ， 控 制 变 量

、

、

和 常 数 项 的 回 归 系 数 ， 及 各 回 归 模 型 的 值 未 予 报

告 完 整 结 果 备 索 ， 下 同

第 三 ， 资 本 密 集 型 和 技 术 密 集 型 行 业 分 别 表 现 出 一 定 的 独 特 性 。 在 资 本 密 集 型 行 业 中 ， 国 有 第

一 大 股 东 持 股 比 例 （

的 系 数 在

水 平 上 显 著 为 正 ， 表 明 国 有 资 本 在 该 行 业 的 重 要 性 。 在

技 术 密 集 型 行 业 中 ， 核 心 技 术 人 员 期 权 激 励 的 系 数 显 著 为 正 说 明 对 核 心 技 术 人 员 的 激 励 会 提 高 他

们 的 创 新 积 极 性 ， 不 断 开 拓 研 发 项 目 ， 加 大 公 司 的 总 体 研 发 力 度 。

第 四 ， 董 事 会 方 面 的 变 量 呈 现 出 差 异 。 独 董 比 例 、 两 职 设 置 情 况 在 三 个 行 业 的 回 归 结 果 类 似 ，

但 董 事 会 规 模 在 资 本 密 集 型 行 业 中 对 研 发 呈 负 向 影 响 ， 在 另 两 个 行 业 中 呈 正 向 影 响 ， 表 明 资 本 密 集

型 行 业 中 董 事 及 其 背 后 的 股 东 在 资 本 投 向 上 更 易 产 生 分 歧 ， 不 利 于 创 新 投 人 。

四 ） 稳 健 性 检 验

为 考 察 以 上 实 证 结 果 的 稳 健 性 ， 我 们 进 行 两 个 进 一 步 的 检 验 。

一 是 将 因 变 量 研 发 投 人 强 度 替

换 为 人 均 研 发 支 出 （ 年 度 研 发 支 出 与 员 工 人 数 的 比 值

， 验 证 上 述 主 要 结 论 是 否 依 然 成 立 。

魯 桐 、 党 印 ： 公 司 治 理 与 技 术 创 新 ： 分 行 业 比 较

表

稳 健 性 检 验 一

： 替 换 研 发 投 入 强 度 指 标

二 是 考 虑 上 市 公 司 所 处 地 区 的 市 场

劳 动 密 集 型

资 本 密 集 型

技 术 密 集 塑

賴 韻 ） 議

…

…

（

“

…

…

一 “

广 扪

°

°

°

°

°

化 情 况 ， 考 察 加 人 外 部 市 场 化 环 境

后 ， 公 司 治 理 对 技 术 仓 新 影 响 的 行

业 差 异 是 否 依 然 存 在 。

在 第 — 个 稳 健 性 检 验 中 我 们

发 现 替 换 研 发 投 人 强 度 指 标 后 ， 回

归 方 程 的 拟 合 优 度 稍 微 降 低 ， 但 上

述 关 于 公 司 治 理 对 创 新 影 响 的 基 本

结 论 没 有 变 化 。 表 显 示 ， 第 二 至

第 十 大 股 东 持 股 比 例 、 基 金 持 股 比

例 和 董 监 高 持 股 比 例 对 研 发 投 人 有

正 向 影 响 ， 并 且 这 些 影 响 在 三 类 行

业 中 均 存 在 。 在 资 本 和 技 术 密 集 型

行 业 中 ， 董 监 高 薪 酬 对 研 发 投 人 强

度 有 正 向 影 响 ； 对 于 前 者 ， 国 有 第 一

大 股 东 持 股 比 例 对 研 发 投 人 亦 有 显

著 正 向 影 响 ， 对 于 后 者 ， 核 心 技 术 人

员 的 期 权 激 励 亦 是 促 进 创 新 的 显 著

变 量 。

在 第 二 个 稳 健 性 检 验 中 ， 我 们 采 用 樊 纲 等 （

的 地 区 市 场 化 指 数 。 本 文 的 数 据 起 始 于

年 这 里 以

年 各 省 份 的 市 场 化 情 况 为 参 照 点 ， 将 市 场 化 指 数 高 于 平 均 水 平 的 省 份 赋 值 为 低

于 平 均 水 平 的 省 份 赋 值 为 ， 得 到 各 省 份 市 场 化 程 度 哑 变 量 。 上 市 公 司 的 注 册 地 在 某 个 省 份 将 面

临 相 应 的 地 区 市 场 化 程 度 。 我 们 假 定 各 省 份 在

—

年 期 间 的 相 对 市 场 化 程 度 不 发 生 改 变 。

加 人 市 场 化 变 量 后 ， 回 归 结 果 的 总 体 显 著 性 明 显 提 高 ， 与 表 和 表 相 比 ， 调 整 方 除 了 前 两

个 模 型 有 微 小 下 降 其 它 均 明 显 变 大 。 外 部 市 场 化 程 度 的 系 数 除 了 在 前 两 个 模 型 中 不 显 著 外 ， 在 其

他 模 型 中 均 显 著 为 正 。 模 型 中 公 司 治 理 各 方 面 对 创 新 的 影 响 与 前 文 结 果 基 本 相 同 ， 行 业 间 差 异 仍

然 存 在 且 回 归 系 数 普 遍 更 显 著 。 该 回 归 结 果 有 两 方 面 含 义 一 是 良 好 的 市 场 化 环 境 有 利 于 企 业 加

大 研 发 投 人 ， 市 场 化 环 境 是 推 动 企 业 技 术 创 新 的 外 部 力 量 二 是 在 控 制 市 场 化 因 素 后 ， 各 行 业 有 利

于 创 新 的 公 司 治 理 因 素 更 加 突 出 ， 进 一 步 说 明 公 司 治 理 与 技 术 创 新 的 关 系 存 在 行 业 间 差 异 。

五 ） 对 实 证 结 果 的 进 一 步 讨论

以 上 实 证 结 果 表 明 不 同 行 业 有 利 于 创 新 的 公 司 治 理 因 素 既 有 相 同 点 ， 也 存 在 差 异 。 这 一 结 论

验 证 了

的 分 析 。

指 出 ， 公 司 的 组 织 和 文 化 特 点 深 受 所 在 行 业 的 影 响 ，

同 一 行 业 的 公 司 有 共 同 的 组 织 和 文 化 特 点 ， 且 这 些 特 点 显 著 不 同 于 其 他 行 业 。 他 亦 指 出 ， 决 定 行 业

内 组 织 和 文 化 的 变 量 有 竞 争 环 境 、 用 户 需 求 和 社 会 预 期 等 。 对 本 文 而 言 ， 为 什 么 不 同 行业 有 利 于 创

新 的 治 理 因 素 存 在 差 异 ？ 这 需 要 追 溯 到 行 业 特 点 和 公 司 治 理 在 各 行 业 的 侧 重 点 。

从 行 业 特 点 看 ， 劳 动 、 资 本 和 技 术 密 集 型 行 业 对 技 术 创 新 的 依 赖 程 度 依 次 递 增 。 在 技 术 密 集 型

行 业 ， 技 术 创 新 活 动 是 公 司 最 重 要 的 运 营 环 节 公 司 的 诸 多 制 度 需 以 促 进 技 术 创 新 为 导 向 。 而 在 另

① 为 再 次 检 验 实 证 结 果 的 稳 健 性 ， 我 们 更 换 市 场 化 程 度 的 衡 量 方 法 ， 以

—

年 各 地 区 市 场 化 指 数 的 平 均 值 代 表

—

年 各 地 区 的 市 场 化 情 况 ， 回 归 结 果 与 表 — 致 。 限 于 篇 幅 ， 文 中 未 报 告 这 一 回 归 结 果 ， 有 兴 趣 的 读 者 可 向 作 者 索 取 。

感 谢 匿 名 审 稿 人 指 出 这 一 点 。

表

“ ‘

稳 健 性 检 验 二

： 考 虑 地 区 市 场 化 因 素

：

劳 动 密 集 型

资 本 密 集 型

技 术 密 集 型

妹 金 年 第 期

”

”

“

…

—

…

…

“ “

”

“

“

…

一

“

”

”

”

…

…

…

…

…

”

“

”

…

…

…

—

…

…

“ “

…

…

外 两 个 行 业 中 ， 公 司 立 足 于 市 场 的 关 键 环 节 可 以 是 商 业 模 式 、 市 场 品 牌 或 资 源 渠 道 等 ， 公 司 的 核 心

竞 争 力 通 常 不 是 技 术 ， 仅 需 个 别 制 度 对 技 术 创 新 活 动 进 行 规 范 即 可 更 多 的 制 度 是 围 绕 技 术 以 外 的

环 节 。 公 司 治 理 在 各 行 业 的 侧 重 点 取 决 于 公 司 治 理 的 创 新 导 向 及 治 理 本 身 的 层 次 性 。 在

’

之前 ， 公 司 治 理 理 论 一 直 聚 焦 于 保 护 股 东 利 益 及 利 益 相 关 者 的 利 益 ， 对 这 些 利

益 的 产 生 关 注 较 少 。

及

首 次 提 出 基 于 创 新 的 公 司 治

理 理论 认 为 公 司 治 理 应 为 创 新 性 资 源 配 置 提 供 制 度 条 件 。 党 印 、 鲁 桐 （

梳 理 了 企 业 理 论 和

公 司 治 理 理 论 的 演 进 历 程 认 为 公 司 治 理 应 立 足 于 企 业 的 创 新 性 质 ， 以 促 进 创 新 和 价 值 创 造 为 导

向 。 在 股 份 公 司 中 ， 股 东 大 会 是 最 髙 权 力 机 构 公 司 运 行 的 重 大 问 题 必 须 在 股 东 层 面 达 成 一 致 。 董

事 会 的 组 成 和 运 作 在 很 大 程 度 上 取决 于 股 东 层 面 ， 董 事 会 代 表 股 东 选 聘 和 监 督 管 理 层 并 设 置 相 应

魯 桐 、 党 印 ： 公 司 治 理 与 技 术 创 新 ： 分 行 业 比 较

的 薪 酬 标 准 。 公 司 治 理 是 否 完 善 ， 根 本 在 于 股 东 层 面 ， 其 次 是 董 事 会 层 面 再 次 是 由 此 衍 生 的 激 励

机 制 ， 其 他 诸 如 内 部 控 制 、 信 息 披 露 等 除 了 满 足 监 管 层 面 的 基 本 要 求 外 ， 具 体 实 施 的 力 度 均 取 决 这

三 个 层 面 尤 其 是 股 东 层 面 。 因 此 ， 公 司 治 理 各 方 面 的 重 要 性 使 公 司 治 理 表 现 出 一 定 的 层 次 性 ， 即 股

东 层 面 为 根 本 ， 董 事 会 层 面 次 之 激 励 机 制 再 次 之 。

对 本 文 而 言 ， 由 于 不 同 行 业 对 技 术 创 新 的 倚 重 程 度 不 同 公 司 治 理 中 的 关 于 技 术 创 新 的 安 排 相

应 会 存 在 差 异 。 对 于 所 有 行 业 ， 股 东 层 面 的 治 理 安 排 均 不 可 或 缺 ， 第 二 至 第 十 大 股 东 持 股 比 例 较

高 将 制 约 第 一 大 股 东 侵 害 中 小 股 东 利 益 的 行 为 ， 有 利 于 公 司 立 足 于 长 远 发 展 ， 加 大 创 新 投 人 。 基

金 持 股 对 研 发 投 人 具 有 正 向 影 响 ， 表 明 基 金 的 价 值 投 资 理 念 已 逐 渐 形 成 ， 通 过 促 进 公 司 创 新 ， 在 公

司 持 久 发 展 中 获 得 投 资 收 益 。 由 于 技 术 创 新 的 效 益 具 有 时 滞 ， 董 监 高 持 股 激 励 的 意 义 即 在 于 使 决

策 层 立 足 于 未 来 收 益 ， 从 而 注 重 研 发 投 人 。 这 三 种 治 理 因 素 对 于 劳 动 密 集 型 行 业 而 言 ， 已 可 以 保 证

技 术 创 新 的 基 本 方 向 和 投 人 理 念 。 但 是 对 于 资 本 和 技 术 密 集 型 行 业 技 术 的 重 要 性 依 次 上 升 ， 因 此

需 要 更 多 的 治 理 机 制 与 之 匹 配 。 基 于 创 新 的 风 险 和 不 确 定 性 ， 董 监 高 不 仅 需 要 长 期 激 励 ， 以 薪 酬 为

代 表 的 短 期 激 励 亦 必 不 可 少 ， 这 样 能 保 证 董 监 高 在 创 新 失 利 的 情 况 下 亦 能 获 得 基 本 收 入 。 对 于 资

本 密 集 型 行 业 ， 国 有 第 一 大 股 东 持 股 比 例 对 研 发 投 入 具 有 正 向 影 响 ， 这 是 由 于 该 行 业 研 发 投 人 需 要

大 量 资 金 ， 国 有 第 一 大 股 东 决 策 更 兼 顾 经 济 效 益 和 社 会效 益 有 利 于 促 使 公 司 进 行 具 有 不 确 定 性 的

大 额 创 新 投 入 。 对 于 技 术 密 集 型 行 业 ， 核 心 技 术 人 员 的 期 权 激 励 对 创 新 投 入 具 有 正 向 影 响 ， 这 是 由

于 该 行业 中 核 心 技 术 人 员 对 创 新 的 重 要 性 更 突 出 ， 专 门 的 期 权 激 励 将 促 进 技 术 人 员 有 效 地 完 成 既

有 工 作 并 开 拓 新 的 研 发 项 目 ， 使 公 司 的 技 术 创 新 具 有 连 续 性 和 动 态 性 。 我 们 注 意 到 ， 董 事 会 方 面

的 治 理 因 素 对 创 新 的 影 响 具 有 差 异 但 显 著 性 不 强 ， 这 可 能 与 董 事 会 本 身 的 运 作 有 关 。 我 国 上 市 公

司 设 置 董 事 会 的 历 史 较 短 形 式 大 于 实 质 ， 很 多 董 事 本 身 就 是 大 股 东 ， 董 事 会 的 功 能 在 一 定 程 度 上

被 虚 化 了 ， 其 对 创 新 的 影 响 在 一 定 程 度 上 可 由 股 东 层 面 的 因 素 解 释 ， 使 其 本 身 的 重 要 性 未 得 到

凸 显 。

总 体 来 看 ， 公 司 治 理 对 创 新 的 影 响 在 不 同 行业 存 在 差 异 ， 这 种 差 异 是 公 司 治 理 的 层 次 性 在 各 行

业 的 体 现 。 概 括 而 言 公 司 治 理 本 身 存 在 着 股 东 、 董 事 会 和 激 励 机 制 的 层 次 性 ， 各 自 重 要 性 存 在 差

异 ， 这 种 差 异 表 现 在 对 技 术 创 新 的 推 动 上 ， 即 在 对 技 术 创 新 倚 重 较 少 的 行 业 中 ， 仅 需 基 本 的 治 理 安

排 即 可 股 东 层 面 治 理 因 素 和 针 对 创 新 的 股 权 激 即 可 实 现 对 创 新 的 引 导 ， 在 对 技 术 创 新 倚 重 较 多

的 行业 中 ， 需 要 更 多 的 治 理 安 排 与 创 新 过 程 相 匹 配 ， 由 于 创 新 的 风 险 性 ， 激 励 因 素 的 重 要 性 得 到 突

显 。 林 毅 夫 （

的 新 结 构 经 济 学 中 ， 经 济 结 构 内 生 于 要 素 禀 赋 结 构 ， 主 要 是 基 于 宏 观 层 面 的 分

析 。 本 文 的 分 析 乃 基 于 微 观层 面 提 出 并 验 证 了 企 业 层 面 的 治 理 结 构 内 生 于 要 素 密 集 程 度 ， 并 且 需

要 与 行 业 特 点 相 匹 配 ， 即 在 一 个 公 司 中 ， 应 根 据 所 处 行 业 的 特 点 及 公 司 治 理 的 层 次 性 安 排 治 理 重

点 ， 在 不 同 行 业 间 ， 公 司 治 理 应 具 有 结 构 性 差 异 ， 而 非 千 篇 一 律 式 的 治 理 安 排 ， 这 在 一 定 程 度 上 是 对

林 毅 夫 （

新 结 构 经 济 学 在 微 观 层 面 的 应 用 和 拓 展 。

五 、 结 论 与 政 策 含 义

在 技 术 创 新 的 决 定 因 素 中 ， 公 司 治 理 的 因 素 近 年 来 日 益 受 到 关 注 。 现 有 公 司 治 理 与 技 术 创 新

关 系 的 文 献 要 么 仅 关 注 某 一 行 业 或 公 司 治 理 的 某 一 方 面 ， 要 么 对 所 有 行 业 进 行 整 体 考 察 。 本 文 以

—

年 中 国 沪 深 市 场

家 上 市 公 司 为 样 本 ， 按 要 素 密 集 程 度 ， 运 用 聚 类 分 析 的 方 法 将 所

① 孙 杰 （

亦 指 出 ， 公 司 治 理 的 基 础 是 公 司 的 控 制 权 结 构 ， 控 制 权 结 构 决 定 了 公 司 的 激 励 机 制 ， 从 而 决 定 了 公 司 的 业 绩 ，

而 控 制 权 结 构 取 决 于 公 司 的 资 本 结 构 。 由 于 债 权 人 在 公 司 治 理 中 的 作 用 尚 不 明 显 ， 因 此 可 以 认 为 控 制 权 结 构 主 要 源 自 股 东 层 面 ，

包 括 股 权 性 质 与 股 权 结 构 。

年 第 期

有 行 业 划 分 为 劳 动 密 集 型 、 资 本 密 集 型 和 技 术 密 集 型 ， 分 别 考 察 各 个 行 业 中 ， 公 司 治 理 的 股 东 、 董 事

会 和 激 励 机 制 三 方 面 对 研 发 投 入 强 度 的 影 响 ， 丰 富 了 学 界 关 于 公 司 治 理 与 技 术 创 新 关 系 的 研 究 。

本 文 的 实 证结 果 表 明 ， 第 一

， 不 分 行 业 的 情 况 下 ， 公 司 治 理 的 股 东 、 激 励 机 制 因 素 对 研 发 投 人 的

影 响 有 较 高 的 显 著 性 董 事 会 方 面 因 素 的 显 著 性 普 遍 较 低 。 第 二

， 将 行 业 按 要 素 密 集 度 分 类 后 ， 第

二 至 第 十 大 股 东 持 股 比 例 、 基 金 持 股 比 例 和 董 监 高 持 股 比 例 在 三 类 行 业 中 均 会 促 进 研 发 投 人 。 对

于 资 本 密 集 型 和 技 术 密 集 型 行 业 ， 董 监 高 的 薪 酬 激 励 也 有 利 于 创 新 活 动 的 开 展 。 在 此 基 础 上 ， 对 于

资 本 密 集 型 行 业 ， 国 有 第 一 大 股 东 持 股 比 例 与 研 发 投 入 正 相 关 对 于 技 术 密 集 型 行 业 ， 核 心 技 术 人

员 的 期 权 激 励 对 创 新 有 显 著 的 正 向 影 响 。 第 三 ， 上 市 公 司 所 在 地 区 的 市 场 化 程 度 越 高 ， 越 有 利 于 公

司 进 行 研 发 投 人 表 明 良 好 的 市 场 化 环 境 是 企 业 技 术 创 新 的 外 部 推 动 力 量 。 在 控 制 市 场 化 因 素 后 ，

治 理 与 创 新 关 系 的 行 业 间 差 异 更 显 著 ， 进 一 步 说 明 行 业 因 素 的 重 要 性 。

本 文 的 政 策 含 义 有 两 点 。 第 一

， 对 于 研 发 投 人 ， 不 同 行 业 应 关 注 公 司 治 理 的 不 同 方 面 。 劳 动 密

集 型 行 业 的 研 发 强 度 相 对 较 低 ， 可 以 通 过 促 进 股 权 平 衡 、 引 人 长 期 类 投 资 基 金 、 提 高 董 监 高 持 股 比

例 来 促 进 创 新 。 资 本 密 集 型 行 业 和 技 术 密 集 型 行 业 应 提 高 董 监 高 的 薪 酬 激 励 水 平 ， 前 者 也 应 突 出

国 有 第 一 大 股 东 的 战 略 性 地 位 后 者 应 加 大 对 核 心 技 术 人 员 的 期 权 激 励 。 当 然 ， 对 于 所 有 行 业 ， 健

全 董 事 会 功 能 均 是 有 必 要 的 。 第 二 从宏 观 经 济 层 面 来 看 ，

一 个 经 济 体 要 转 变 过 度 依 赖 劳 动 的 发 展

方 式 ， 进 行 产 业 升 级 就 必 须 促 进 技 术 创 新 。 而 公 司 是 技 术 创 新 的 主 体 公 司 加 大 技 术 创 新 力 度 无

疑 是 以 一 定 的 公 司 治 理 制 度 为 基 础 。 由 于 不 同 行 业 促 进 技 术 创 新 的 公 司 治 理 因 素 存 在 差 异 ， 政 府

部 门 在 出 台 政 策 时 应 考 虑 到 相 同 政 策 对 不 同 行 业 存 在 不 同 影 响 ， 也 即 应 考 虑 到 政 策 的 非 中 性 。 换

而 言 之 促 进 创 新 的 政 策 应 具 有 一 定 的 结 构 性 应 以 结 构 性 的 政 策 促 进 产 业 升 级 和 经 济 转 型 。

参 考 文 献

党 印 、 鲁 桐 ，

《 企 业 的 性 质 与 公 司 治 理 ：

一 种 基 于 创 新 的 治 理 理 念 》 ， 《 制 度 经 济 学 研 究 》 第 期 。

樊 纲 、 王 小 鲁 、 朱 恒 鹏

《 中 国 市 场 化 指 数 ： 各 地 区 市 场 化 相 对 进 程

年 报 告 》 ， 经 济 科 学 出 版 社 。

冯 根 福 、 温 军 ，

《 中 国 上 市 公 司 治 理 与 企 业 技 术 创 新 关 系 的 实 证 分 析 》 ， 《 中 国 工 业 经 济 》 第 期 。

李 善 民 、 叶 会 ，

《 股 权 结 构 与 公 司 绩 效 的 差 异 分 析 》 ， 《 证 券 市 场 导 报 》 第 期 。

林 毅 夫 ，

《 新 结 构 经 济 学 》 ， 《 经 济 学 季 刊 》 第 卷 第 期 。

刘 运 国 、 刘 雯

《 我 国 上 市 公 司 的 高 管 任 期 与

支 出 》 ， 《 管 理 世 界 》 第 期 。

陆 国 庆 ，

《 技 术 创 新 的 产 业 特 征 研 究 》 ， 《 产 业 经 济 研 究 》 第 期 。

聂 辉 华 、 谭 松 涛 、 王 宇 峰 ，

《 创 新 、 企 业 规 模 和 市 场 竞 争 》 ， 《 世 界 经 济 》 第 期 。

任 海 云 ，

《 股 权 结 构 与 企 业

投 入 关 系 的 实 证 研 究 》 ， 《 中 国 软 科 学 》 第 期 。

苏 文 兵 、 李 心 合 、 徐 东 辉 、 许 佳 】

《 经 理 自 主 权 与

投 人 的 相 关 性 检 验 》 ， 《 研 究 与 发 展 管 理 》 第 期 。

孙 杰 ，

《 资 本 结 构 、 治 理 结 构 和 代 理 成 本 》 ， 社 会 科 学 文 献 出 版 社 。

王 凤 荣 、 李 靖 ，

《 上 市 公 司 与 非 上 市 公 司 的 绩 效 对 比 》 ， 《 南 开 经 济 研 究 》 第 期 。

王 俊

文 芳

： 《 政 府

资 助 与 企 业

投 人 的 产 出 效 率 比 较 》 ， 《 数 量 经 济 技 术 经 济 研 究 》 第 期 。

《 股 权 集 中 度 、 股 权 制 衡 与 公 司

投 资 》 ， 《 南 方 经 济 》 第 期 。

吴 延 兵

《 企 业 规 模 、 市 场 力 量 与 创 新 ：

一 个 文 献 综 述 》 ， 《 经 济 研 究 》 第 期

夏 芸 、 唐 清 泉 ，

《 我 国 髙 科 技 企 业 的 股 权 激 励 与 研 发 支 出 分 析 》 ， 《 证 券 市 场 导 报 》 第 期 。

解 维 敏 、 唐 清 泉 、 陆 珊 珊 ，

《 政 府

资 助 、 企 业

支 出 与 自 主 创 新 》 ， 《 金 融 研 究 》 第 期 。

赵 旭 峰 、 温 军

： 《 董 事 会 治 理 与 企 业 技 术 创 新 》 ， 《 肖 代 经 济 科 学 》 第 期 。

周 杰 、 薛 有 志

《 公 司 内 部 治 理 机 制 对

投 人 的 影 响 》 ， 《 研 究 与 发 展 管 理 》 第 期 。

，

：

，

，

，

”

，

：

“

，

—

“

鲁 桐 、 党 印 公 司 治 理 与 技 术 创 新 ： 分 行 业 比 较

，

，

，

，

“

，

，

”

“

，

，

，

，

，

“

，

”

，

，

“

，

“

“

，

，

，

，

—

：

—

“

“

，

，

：

—

—

，

：

：

：

“

，

”

，

：

，

，

“

“

，

，

“

，

“

，

一

，

：

—

，

—

，

，

：

一

’

”

？

，

“

，

，

：

，

，

—

：

—

：

；

：

，

：

；

；

；

；

；

，

责 任 编 辑 ： 詹 小 洪 ） （ 校 对 ： 昱 莹 ）

"
3,ref_KL\技术创新水平越高企业财务绩...公司专利申请数据的实证研究_周煊.pdf,
